,video_id,label_1,label_2,label_3
0,rpe5kB2eGvo,,,
1,MvuqM_9h6QY,car,,
2,ZcGlf7EZ-vU,aeroplane,person,fire hydrant
3,hDk1ne5TCHM,,,
4,-X0eQXFbTQo,,,
5,XLqNiKqxUPU,parking meter,person,boat
6,EmvS-3Y1PDE,bicycle,,
7,6hxJyVkq4R8,,,
8,LbuoZYZLipc,person,bicycle,
9,hTqOeMob6uM,motorbike,bus,
10,RMxuWWN223o,horse,fire hydrant,train
11,rXX5yS2w_7I,fire hydrant,truck,
12,3mg7U1jAUks,truck,bus,bicycle
13,ildQ7q0hqhc,motorbike,,
14,2BEBrZblMeE,broccoli,umbrella,spoon
15,C7TwBUxxIC0,,,
16,_GDcNxMOAkA,,,
17,GHsMk3i1Yi8,car,,
18,2zXd1q8hmt8,bench,traffic light,bus
19,G7EZl8a2aFI,,,
20,WbWoT0lqVVQ,car,train,
21,CioDVCtgyN0,aeroplane,bus,bicycle
22,22gevDcbkUo,,,
23,aMTxQ_MZBiQ,motorbike,bicycle,
24,3skwMfCJIhk,person,,
25,zeUGxvyCTAU,,,
26,hv7hsiPbDbo,bicycle,,
27,3i19act-b1s,aeroplane,,
28,FPMUBR93w3w,,,
29,DMB_Lav9yJ8,,,
30,yCOs2G-ZjpI,,,
31,J4gJY_5eNqQ,,,
32,AhrdVoGw_Ks,bus,,
33,oLtnNw0KT78,bicycle,,
34,id3uJa-hSF4,car,,
35,Sqa8Zo2XWc4,aeroplane,train,
36,hDbaM367H9U,,,
37,gW6r-BPdtN0,,,
38,KDlO64GbxIQ,,,
39,4WkMinOFRA8,,,
40,Fc7BOCz92nc,car,train,boat
41,Wp5YJQqDkYE,bus,car,
42,OCbc3eEpHf4,person,,
43,ymGt7I4Yn3k,person,motorbike,
44,1r0YfOkNhJ8,car,train,
45,Q4xVaZhz3yA,,,
46,_6652WEB9HY,,,
47,MxhqGbu0ndA,,,
48,XVWQCd5j_ec,,,
49,BnC-2wwYQRQ,bicycle,bus,
50,DdPeF1fS5cE,,,
51,e3tI78Vy0Xs,bicycle,car,
52,g1W4lKj8dzU,person,,
53,vS3_72Gb-bI,car,,
54,NapYe0EBeuI,person,,
55,sGwtzcSxolw,bicycle,,
56,lqHX4JM_qX0,,,
57,DNy6F7ZwX8I,bicycle,bus,person
58,8_Pmwy1ePJ4,car,,
59,m1GfiE2lNcA,car,,
60,JaHsDpf1Ufs,aeroplane,boat,
61,NLffKOOyxwI,,,
62,gcH0OVd4aJU,,,
63,TYPFenJQciw,,,
64,7U-i2NX0jUc,,,
65,xLLLEnDyHnk,,,
66,WudmmlYnx8c,,,
67,P3inyS__dpA,person,car,bus
68,0LpaeZlM0ng,car,bus,train
69,5NsoL2HU4_4,boat,elephant,parking meter
70,PqRuCLmtYkQ,motorbike,train,
71,ZF-w__uUs8c,,,
72,6gRQkG_s6m4,car,,
73,xI849gVQanw,truck,train,fire hydrant
74,7TO6GbaDFVI,,,
75,pZ0lK60WuZ4,bicycle,bus,
76,9LMr5XTgeyI,,,
77,BayghEGmQZM,bicycle,train,
78,k-PaOWxvnz0,,,
79,P_79-1DInV4,zebra,backpack,fire hydrant
80,VzF62B6ysWI,car,,
81,evGyTzgV1x0,bicycle,bus,
82,3V8aen7Flhs,person,,
83,gcCGL2IBYwc,bicycle,train,traffic light
84,3aAhwhkAdzw,train,bicycle,bus
85,NHhTMh0nURA,car,,
86,dxP0m4_TaJg,,,
87,rI2rxUs4SDY,bicycle,,
88,agMrewRJTow,car,,
89,efuFwnL0N64,bicycle,bus,boat
90,CwaVCIVnbTg,person,bus,
91,_C73ZZkFiUM,bus,truck,
92,qz8yjPTMJf4,,,
93,VLcaCjLveV4,truck,stop sign,car
94,mN9OwKwuX-8,motorbike,bicycle,
95,7h28guGJ82I,,,
96,F32yxl6ZcZw,aeroplane,bicycle,traffic light
97,tR-3BMignl4,,,
98,bLDSjWkZ72o,train,person,
99,jXf04bhcjbg,truck,boat,
100,vSYAm8pyP-k,boat,person,bus
101,NBgEBWT1Mqk,aeroplane,,
102,qy0oX5A9WyY,,,
103,F8h4BRu-7uA,boat,bicycle,
104,dMJygADKEKs,bicycle,,
105,o6JQknd3JRk,,,
106,yf1GWoh4OKE,motorbike,truck,
107,seEOOSZTymE,,,
108,f2kb4coG4po,train,motorbike,person
109,EshcItJCT5k,bicycle,,
110,HkSa1iJN_Fo,truck,car,
111,ADw4cCceiKM,aeroplane,truck,bicycle
112,XIn_kj52-P0,bicycle,person,
113,wwE1fZmIkss,bicycle,,
114,MLxGllP0x8M,aeroplane,car,truck
115,A-vX1AGBGsc,car,motorbike,aeroplane
116,j3xSIeD1gJQ,bicycle,,
117,ow8ZcpXMz0M,boat,person,bus
118,Mk0KCrcYwv4,truck,train,motorbike
119,vZk7JeGRKp8,bicycle,motorbike,train
120,6o38C-ultvw,car,,
121,epgZ2Dbr_Tw,,,
122,y8IqsCbvCFo,,,
123,RaJA7IbBRq0,,,
124,6VzdjvW2gi4,bicycle,motorbike,
125,HlyQf0dZ1Vk,,,
126,3-ozQBLitio,bicycle,,
127,7ucVgLAZDQQ,car,aeroplane,
128,OnzzqzzSWGA,,,
129,z5bLZtf37nI,car,traffic light,boat
130,6ZKjAFxoG98,train,traffic light,zebra
131,QujpKn9Nu4c,,,
132,kymZR5FrTJY,car,parking meter,truck
133,x_WN30mNsbs,,,
134,H4F5hkZzQaE,bus,motorbike,
135,C8UxyMrBu4I,bicycle,,
136,LYUKDASQncM,bicycle,car,
137,62Wf3GMJzpQ,fire hydrant,traffic light,car
138,vyPy-4lY2qM,,,
139,pUF5esTscZI,,,
140,Mt8uLveDY24,car,person,
141,X7vEBh197xw,bicycle,,
142,tlsU_YT9n_g,person,,
143,Ivv-3w8dgmI,aeroplane,stop sign,fire hydrant
144,1WGAWJJn3GI,bicycle,person,
145,aDvOgfKNcrs,,,
146,vRW50IiRT-o,,,
147,864UBq8HpBY,,,
148,5cJK9VJ24hQ,bicycle,,
149,RPZMY2aqqSI,,,
150,ijHBHyKC__4,person,,
151,BYVZh5kqaFg,,,
152,1qpoMiorNSQ,person,,
153,_fs1X8tRTJA,person,,
154,xeQCRKXiRpo,,,
155,ysd5-uTLy6w,,,
156,KHg3HXsJiA0,car,motorbike,boat
157,LdGvFaMo2GU,car,bus,aeroplane
158,5eR5IvmnKk8,,,
159,px0wTJPUaes,,,
160,58Ofg9IHRN0,,,
161,QHiDyKEtxNU,,,
162,G_8mOQeSa2U,,,
163,qFq_L-ANNNQ,bicycle,aeroplane,
164,S9EnUSSU7HI,bicycle,bus,aeroplane
165,yUJRjE-Ufz8,,,
166,QNTYrOL-npo,bicycle,,
167,9Ak320xrCUo,,,
168,rKbIvdx4gzU,person,,
169,m3ugIgRJMsE,,,
170,WYKZdQq81kI,,,
171,DOa5wozdK6Y,stop sign,boat,bird
172,bHocnamqOJI,car,,
173,L22U8dUpC44,,,
174,DDGhKS6bSAE,person,,
175,xxV7ubH94aU,bicycle,fire hydrant,parking meter
176,--lk4QeTVmg,bus,,
177,VMxjFTtTquc,bicycle,motorbike,
178,cnN00ppui-w,,,
179,vL0yww9nk9o,,,
180,XSbNb3bQ1pg,motorbike,bus,fire hydrant
181,sG0rVJT_MT0,,,
182,BhP3nG16j7w,bicycle,,
183,T0_D4HC-Cwk,truck,aeroplane,bus
184,ODwJGcswfsA,truck,person,motorbike
185,MnNisyErEMs,person,,
186,dE7RFxsnrS4,train,aeroplane,bicycle
187,vre-UCKBt8Y,truck,bus,boat
188,OI2NYBm8JYs,motorbike,aeroplane,car
189,mP_NA_L9zMk,bicycle,aeroplane,person
190,ZhQOhsl7Bus,fire hydrant,bus,boat
191,U4qm6mPKHqw,motorbike,aeroplane,
192,TpLh9vB02MM,bus,traffic light,parking meter
193,TkLO5XtuMUw,person,,
194,O5aVKxMacm8,,,
195,412--23qbb4,motorbike,truck,
196,6y4BStscwvw,aeroplane,,
197,gPknTQlKGQk,truck,traffic light,
198,P42zn7PGyNc,car,bus,boat
199,4u5I8GYB79Y,,,
200,MHryuYVyHhk,motorbike,stop sign,truck
201,3ZTnKuV0VpA,,,
202,o1njZZsUUXM,,,
203,Y0LA7Ff2hgs,motorbike,truck,
204,uNkTb3ZEILA,,,
205,CKwM4ZEfYdk,person,bicycle,
206,xo7Jx0C4A_o,car,,
207,SZ-We5x0Jys,,,
208,jtIZZs-GAOA,truck,traffic light,
209,WCru1nJI57I,car,,
210,38-ji37hzlE,person,,
211,FmHLvJkc7Gg,car,,
212,tRwUtg7ZX6Q,person,motorbike,
213,qEV9qoup2mQ,,,
214,Ytm8VsQPS3o,bicycle,car,
215,9Y18-07g39g,car,train,
216,78GVRzSnyGo,,,
217,LU9JtSwxBqI,,,
218,Lgd78PUXkPo,bicycle,,
219,M6jzUhLmoEc,,,
220,uuSj5EW6ELA,motorbike,person,
221,ZLLcxNiQ9Yg,motorbike,,
222,3RwzjHB6y5Y,car,person,
223,qIsgdOVGA04,dog,parking meter,sheep
224,Xvt9vcoyipA,person,,
225,Ll1bLppLh4Y,aeroplane,,
226,TBmOMziLNcU,bicycle,,
227,2Mkq6GFLIsk,,,
228,yS5w6Ozpdq4,car,train,aeroplane
229,PK2SMIOHYig,,,
230,u9HJDC3I_Qg,person,,
231,eQi3FrEnn5o,train,traffic light,stop sign
232,ycNSY3d1WLc,,,
233,UyvhqC5sIsI,person,bicycle,
234,tIUahhljm44,bus,car,
235,GjgImsVqPfg,,,
236,m3u-_2WaTM4,person,,
237,_mz4OMbBoRY,person,aeroplane,motorbike
238,rcWcchtcf1w,,,
239,venQs8fEu1Y,boat,car,bus
240,bL9ayAkWsV4,,,
241,zaTi7YjDyDw,,,
242,UoNAmRwf5qk,motorbike,train,
243,fXb02MQ78yQ,,,
244,LI8-QOOPzV0,car,bus,person
245,MHqxaXCzxNE,train,car,aeroplane
246,FSCvulo6fJQ,,,
247,pQ9gSEzku-E,,,
248,ePldSI0SGCg,bench,stop sign,train
249,TYeQqLt1DLY,,,
250,ZVAS5-HelDY,person,boat,bench
251,qaZY_unJFaA,boat,aeroplane,train
252,asUxDFssLFQ,bicycle,,
253,ER6NX7UXCJA,bicycle,,
254,dI4EoLtdoeE,train,car,aeroplane
255,_jhufVHuKbM,,,
256,kTBWEsJ2l_w,aeroplane,boat,bus
257,bFw52SdQSOQ,bicycle,,
258,ta4UnmpxC-Y,train,boat,traffic light
259,0mx3Hwq4QXw,,,
260,z6AF4HPpWF8,,,
261,bmFGbBmlyKQ,bus,,
262,cZXzwDN-V9M,,,
263,voYdl7IFZsM,truck,bus,
264,GDpq6HZQBHI,,,
265,rSF8gPD3QbA,,,
266,hD8vw-JE4Qw,car,aeroplane,
267,UPDURM7Wodo,person,bus,
268,sAoDZy5R054,bicycle,umbrella,zebra
269,DDkwj1YRdEg,bus,bicycle,traffic light
270,HALG3Ty52mY,car,,
271,4z-GNiazduQ,bicycle,,
272,dODSTA6C0m8,car,,
273,NT0fxgIb38g,aeroplane,bicycle,bus
274,TFNnqDGmgYo,fire hydrant,traffic light,parking meter
275,JOjjMLh4kJ4,person,motorbike,sheep
276,O-TMfCbIy8A,motorbike,,
277,eDOFWlyRHyA,car,,
278,ulchAKGi_Y0,car,,
279,DaUHU2I-haA,,,
280,ElBxuDVfcl4,,,
281,CTXtXxD-TYg,traffic light,truck,bus
282,m-Xmk4-itqk,person,,
283,co3MFSGHa20,car,,
284,VsDtnTvgDB0,truck,aeroplane,car
285,WVXsqKZgZXw,person,bicycle,car
286,x4drR-dBA0A,car,truck,
287,qmdb5XTNYhY,,,
288,_BZIxt07UNU,,,
289,Gn0twHM_9ms,motorbike,aeroplane,train
290,6ayJjfyRRkc,train,bicycle,parking meter
291,mgkKG2oGCgE,,,
292,uoYNS3C1_Pc,,,
293,LEcbagW4O-s,person,aeroplane,
294,Zn2k0getlRI,motorbike,,
295,QxGVgXf_LNk,car,,
296,E6UKdBJd7tk,car,person,
297,8AlihXsl7Rs,person,bicycle,
298,UggADa3JdzE,bus,parking meter,bicycle
299,Yc9_ZFxMvMw,car,,
300,0nLoRgi1f78,aeroplane,motorbike,car
301,qqOxkuO3ip0,,,
302,ZxURKaBjO8w,person,,
303,RJ0jdO5ZfU4,,,
304,wb_YQgtSKfU,person,,
305,BpvlknhpGxU,car,bus,
306,FVFdsl29s_Q,car,bus,
307,4DlUnGwCyn0,person,truck,
308,6lmvG7V0LoE,truck,person,
309,1ATrcsnXKhc,motorbike,boat,
310,IQ4KoWXQxRA,,,
311,CSVf3tHh9sE,person,,
312,siDdxAq4o_Y,,,
313,Z-1kBIGLEyc,,,
314,VUc6S9UBilM,person,,
315,5IDc88fmRUM,,,
316,VJElM3wsH5c,bus,motorbike,
317,Dqn7NQ228w0,person,,
318,UMhM8jghPco,bicycle,bus,
319,i2O6GMpNWGo,truck,bicycle,person
320,wbR-5mHI6bo,,,
321,oN2ITLbdXSo,,,
322,Nf-kh0pFurM,car,,
323,gI-WEtw1vB4,aeroplane,bicycle,truck
324,wwJABxjcvUc,,,
325,VEybDNZN_Oo,person,,
326,YKC27gOpezg,car,,
327,IB5k-0jD2XQ,bicycle,,
328,idGb3ZYasaI,person,traffic light,aeroplane
329,Eo0Ni28WU2g,motorbike,train,
330,SSDLzLTZs3U,,,
331,9mmhe_5R-rM,car,person,
332,9x80ZvFTaV4,motorbike,truck,
333,-8wAcpNYSas,aeroplane,boat,
334,CBAbD9PD24g,fire hydrant,cat,truck
335,vohFJ8yL0Qw,motorbike,,
336,t7_tnbSSXMQ,aeroplane,horse,traffic light
337,xtJ49gXWwA0,,,
338,h31LDBh1uvg,bicycle,motorbike,
339,-nc146I26SU,train,traffic light,truck
340,SL45a75_cd4,car,aeroplane,
341,RHXDfgNjnPA,person,,
342,QIahhWQgNgk,,,
343,uctgnv_aX3k,aeroplane,bicycle,train
344,g_uHluYGPtg,,,
345,eurX0k0UYoY,aeroplane,,
346,_akEYecFdyM,person,,
347,XOh_NwePRos,,,
348,wvZtYgIIe2E,,,
349,0dsCVAH1iQ8,car,,
350,UBivwxBgdPQ,motorbike,bus,
351,MvvEfguRha0,bicycle,bus,
352,lldfoaV9mc8,,,
353,UFJtoVS8Qx0,,,
354,--WHBVeDrZM,bicycle,,
355,EXiZtoKWsLM,motorbike,aeroplane,bench
356,FzOrff-KoCg,motorbike,boat,bicycle
357,3dhfunD1a-0,motorbike,stop sign,boat
358,7LI0lWknANE,car,bus,
359,R0Fuci4YrdY,bicycle,,
360,i8nqsIIFp2o,,,
361,5sACMTVqyvE,bicycle,bus,
362,CD-E-LDc384,,,
363,75d_29QWELk,,,
364,gQx-1XKxUDs,person,,
365,RqiNKk-o_Bg,car,train,
366,yuGD4AvlbcM,bicycle,person,
367,tj1ZLeBz4J4,bicycle,bus,traffic light
368,g9BMcIxrkF4,,,
369,OhMrElwQvqc,person,,
370,3nQaUal-LD0,train,car,truck
371,a9JxLJlHqPg,,,
372,5aXrDnJxQYk,person,,
373,09jofQX17WM,,,
374,uWohkaIb-Ss,,,
375,iO6S8XMT0QQ,person,,
376,w_ejnHxTWrU,,,
377,hX7xcxpxHhU,person,,
378,BTDdT4whpRQ,train,truck,bicycle
379,W6JTMowQEjM,bear,umbrella,boat
380,dVeZbaerhu8,,,
381,U60Z2w46itg,bus,bicycle,aeroplane
382,4D_OwIyiTYU,horse,backpack,aeroplane
383,VEE2pqB8Tx8,bus,motorbike,
384,PWK0DAoRKSI,,,
385,gfCRxrSeBN4,aeroplane,train,bicycle
386,3PnOS94d6v0,bicycle,,
387,Q_fkEbTXz-o,bicycle,car,motorbike
388,j6mKL0ccOIA,person,,
389,XFr0dk6Ca7o,,,
390,rFT67I-siYA,bus,bicycle,motorbike
391,wyRvJQUahsI,train,car,
392,V0O7fk8u3mk,,,
393,Qek_UPifJhs,,,
394,1sbbWXjAro8,,,
395,nQ1mmVG-G1g,bus,train,person
396,3WQq2y1qIfE,person,bicycle,
397,LmwPop3Pulg,bicycle,,
398,giFKH2sWGlM,horse,elephant,giraffe
399,s60KsSIoops,bus,,
400,txXgkYIalDY,boat,bicycle,
401,Z5vOneSK8po,bicycle,,
402,WnaDkex0xm0,fire hydrant,car,parking meter
403,vc_OvvStfZ0,,,
404,_8xhdL8BPvU,,,
405,YzgMePQvSdc,,,
406,CD5mewet-fE,,,
407,iDZzGooj3DA,,,
408,wZZ6WJnCF_4,person,,
409,iogeqIpfZ-c,aeroplane,motorbike,
410,X8-qnUyJSlc,car,bus,
411,tlfKx2drOFg,,,
412,kG9MM_7Wtvg,traffic light,boat,bird
413,iQEaYnG25_U,motorbike,,
414,8SAlKoRcicM,aeroplane,,
415,5gqByAvf9PQ,aeroplane,car,truck
416,4N16y9bVqes,bicycle,stop sign,dog
417,AYy3UyD7C1M,motorbike,,
418,02PiYzdGDDY,car,,
419,4mwztZ9Rn50,,,
420,VAAJOkdb5Fg,person,,
421,BYv66FmUgzU,car,traffic light,aeroplane
422,SO1R0mKCx0E,bicycle,,
423,raWRkz9SqtM,person,car,bicycle
424,H0UEde0T1xs,person,,
425,-folFCGyuQQ,person,,
426,K-L3QGv0pzM,car,aeroplane,
427,wSUItoLwbSo,bus,truck,bicycle
428,hBVvEFHwpLY,bus,motorbike,boat
429,eK2cuu59WLk,motorbike,,
430,U7tF8j4Zbx4,person,bus,boat
431,GSuFSYY-X9w,bicycle,,
432,C680oxL__ck,motorbike,train,boat
433,nRuWE-PIvU8,,,
434,AHC2LHxIPoA,car,,
435,QBY-0Tc6YXI,,,
436,tof-R9djLeY,,,
437,hW4pTE8lVZw,,,
438,7JYJq6YGnL4,aeroplane,boat,
439,LqEm-bCll_E,,,
440,F3KsdeUDSrA,bicycle,,
441,eEUFUqNwztU,bicycle,,
442,EdzQ9wEOElw,,,
443,3kTdIa2AWAA,bicycle,,
444,avye5XNxXXg,traffic light,train,
445,4cnIMhvlBO4,motorbike,bicycle,
446,jh4ag4FTpVI,person,,
447,9BrANukDWMw,aeroplane,parking meter,boat
448,t0M2qoNdBck,motorbike,,
449,LEENEFaVUzU,,,
450,jmWmiQt24sU,person,,
451,RqIi0gq63sg,car,dog,train
452,hyMIeCyT6rk,boat,dog,sheep
453,yw_nqzVfxFQ,bicycle,motorbike,
454,KRvv0QdruMQ,,,
455,F9xISqd4Yn8,aeroplane,,
456,1wYpFnhIdSg,train,motorbike,
457,Xoh9RY9uLdk,,,
458,Ook-J58HnvM,,,
459,aLGNlGCPlFw,bicycle,,
460,-o6gOmd8Q3Q,,,
461,Pwui--TsuGA,person,car,
462,HoRmVsuLlmM,,,
463,BGxvfZ4Y3Q8,motorbike,,
464,nD6qsOPTaKQ,car,,
465,KncngYDCy5g,motorbike,truck,
466,8nmo0PyuQQo,car,,
467,yi0AL-1vSNw,aeroplane,fire hydrant,boat
468,Y6XBzi19-yc,bicycle,,
469,85THEQqmJUM,,,
470,GC8VIOK9kDw,,,
471,qFSZFLY3MZo,car,aeroplane,person
472,HjBo--1n8lI,bicycle,,
473,EiCo2_n64fY,,,
474,jRtLcPTbrxo,,,
475,pXz68mA_9iQ,,,
476,V2x8ts5STzY,,,
477,sQDrj7JOAYQ,motorbike,bicycle,
478,-1tiWLWM1oU,train,bicycle,
479,gN0pQZGKQAs,,,
480,wJmg0uc3CjY,,,
481,eItCv1Pxccg,truck,car,
482,2Jk8e59-Jlo,person,,
483,iNFhmwrctiE,person,,
484,MaJEUOI3KlY,car,,
485,mle-dEOfr6A,truck,car,sheep
486,0OGN0ZBzNWM,,,
487,U-PHdAt8Zq8,bus,bench,boat
488,W29oJzQtnC8,car,aeroplane,
489,6jhqKuYEDzg,,,
490,4ASM44qvE80,car,train,
491,7PYTGfpjEmk,bicycle,motorbike,
492,VEVLHtzFle4,,,
493,jlJ1WeWI8PU,motorbike,boat,train
494,x7qRrBroAao,,,
495,5O9adtq3_ZI,train,bicycle,fire hydrant
496,-FBwZtuJtMw,,,
497,I5Evh8ri0_0,cat,car,parking meter
498,NQYdMRdRY40,bicycle,,
499,0UNY2uluj5k,motorbike,,
500,HBTr4SDqztk,car,aeroplane,horse
501,5uT4s_NWBN0,traffic light,car,truck
502,Xehb9Fz267Y,train,traffic light,cat
503,wcp1BfPUeOc,,,
504,OrD8ecGdm_c,bicycle,,
505,6mDPOuythv4,train,motorbike,
506,7j1lMs7fcIQ,motorbike,,
507,XSCXrIsp5Q8,person,,
508,O2secyMBWSk,bicycle,,
509,-FmwUjBAdN0,,,
510,4tkpvdECaVg,,,
511,Fk_psHw6eZk,,,
512,E15aqzQN9zo,motorbike,boat,car
513,5g5j6_hUOSY,traffic light,truck,aeroplane
514,0qSfPFlRwLQ,bicycle,,
515,VbPdjKlla5c,,,
516,md8R7kBoyOs,bicycle,truck,
517,l_RtpWGa8LY,,,
518,8j7K9gx9tAY,,,
519,BFwAIJeYwvg,,,
520,zMpprTBefdg,,,
521,FTnsY1MK5lg,,,
522,FExS3lFEwqc,,,
523,-_I4hECDZ_E,bicycle,stop sign,traffic light
524,UIRSSM2ZPf8,,,
525,JZ6vFGldyq4,bicycle,motorbike,train
526,4sg3UYW_AlI,,,
527,3sMXR_TdTfs,car,person,train
528,Aa4OJalU0t0,motorbike,bus,horse
529,ZkBOdhOdMb8,,,
530,2tn8hj4MhD8,motorbike,person,
531,KA3KDbU5dqk,motorbike,,
532,4PnFuEbzxos,bicycle,motorbike,
533,6GeZdZ4LR5c,,,
534,aPq9-m1YHj4,,,
535,lM_hi8NrgXA,truck,train,
536,Tl8CaZVMQzw,person,aeroplane,traffic light
537,_u-7rWKnVVo,,,
538,3FobttuoPwQ,,,
539,XGfSUHILLi8,,,
540,arn-hjCJe5E,bicycle,fire hydrant,traffic light
541,sFv3r9dkuTs,,,
542,hX0n_Mg1uBQ,bicycle,person,boat
543,jzUi2iIVY4k,,,
544,sniWDkW-Fwc,,,
545,H4eP1TTedYc,traffic light,motorbike,bus
546,NJ_sGE1DUQE,bicycle,,
547,SwYv1vrJ_J4,car,,
548,Oie--p6YqJo,train,motorbike,
549,9PpFH1G9Ivo,person,,
550,ADSRX8Khvsg,car,aeroplane,
551,EgTPljXGyHc,train,bird,dog
552,qI9z1ECGrHk,car,train,
553,hf8uS5meTW0,car,,
554,yvhqzqU4k_M,motorbike,,
555,9kQPnFXQBmw,,,
556,Qu35sMSOW94,cat,bicycle,truck
557,er3iftyYxbs,person,bicycle,motorbike
558,QPxrA-9CUPQ,bicycle,,
559,phieTCxQRLA,truck,fire hydrant,
560,TPo8nXTxm44,bicycle,,
561,mJnKfITnebg,,,
562,Xdwubdx8wT8,bus,car,motorbike
563,M9hVE5DiGDQ,motorbike,,
564,b_sUXZbJbPY,bicycle,,
565,Ns8NvPPHX5Y,boat,truck,
566,B7yOO4oKMVc,bicycle,,
567,aZ54seKWEEU,person,,
568,RqhGUc5ynQ8,car,,
569,ls2TxZ2afBc,person,,
570,TgU3IvrrvxM,aeroplane,bench,person
571,I_CwFdp5vHo,bicycle,,
572,uZFo7lKGEqo,bicycle,motorbike,
573,P3hpKBXYeEA,,,
574,2TbTzOLo6lw,,,
575,ay2shlCzl24,boat,motorbike,
576,StnPwg1TVVA,bus,bicycle,boat
577,lCeb1gAWdWU,,,
578,qEmr5xFEQ0k,bus,person,
579,a8ds6SnOGow,,,
580,NSh6dHxLEME,bicycle,motorbike,truck
581,Zo1T_gGIDBQ,train,bus,
582,pWizDn1OVDg,,,
583,DXDBTpLdJWo,,,
584,BPGgyputhpA,boat,stop sign,bicycle
585,rxmmOtjOlaE,person,boat,skis
586,SkgPFSuppr4,traffic light,stop sign,zebra
587,kxS7IgTZebs,,,
588,PM_RY6aCJfA,dog,backpack,aeroplane
589,eY8lhv-Uzdc,aeroplane,,
590,J53FcfuSlYA,car,,
591,ZYetOeg1FnU,bicycle,person,
592,Iibs7buNwxQ,,,
593,y1RaFUcWr4s,,,
594,aKLobzbLxuY,bicycle,aeroplane,parking meter
595,E1Ihrqggnnc,person,car,
596,J5twEwothwc,car,aeroplane,bicycle
597,w9Km4iVsUeQ,aeroplane,bicycle,
598,yhk5u-jl8Us,bicycle,bench,stop sign
599,g435_rZCt3s,bicycle,,
600,V8GiTYD6PVA,person,bus,
601,4tdKl-gTpZg,,,
602,MrTz5xjmso4,aeroplane,,
603,NvKjO-8DusE,motorbike,,
604,URWlgTItsKY,car,train,
605,g3DuMiplGHU,car,,
606,-xBAM1TRSKA,,,
607,TREEmJ51I7E,motorbike,bus,
608,S383OvjXX48,bicycle,,
609,gQ0mfeLqcW0,motorbike,fire hydrant,sheep
610,rz12loouSsE,train,car,
611,co2VgbHvgVI,person,boat,fire hydrant
612,7cpWa0La_AA,train,cat,truck
613,nXnC64dfPHY,,,
614,ns1Vs_csIus,bicycle,person,
615,heP_2lh3cBA,,,
616,5vCPSCTvzCQ,person,,
617,5uvA7kss6us,,,
618,QA4qE4zFl-Q,bicycle,,
619,Hv-sbtCAz9Y,bicycle,,
620,PjsuqH2azIU,train,bicycle,
621,-vHNJ_QacGo,bus,car,
622,vsQYI5Ajwp4,,,
623,Athe_fFxSTI,truck,bicycle,aeroplane
624,2_rHzLTBQ64,car,bus,
625,jDdYFhzVCDM,aeroplane,traffic light,
626,N4HxatJR6vI,bicycle,aeroplane,
627,BIjZk_i63Xw,aeroplane,car,fire hydrant
628,oCouS7rN0ug,car,person,
629,uvNZHnSIZKY,motorbike,person,
630,SJN903kCJrc,bicycle,,
631,i6DaUHROjTg,aeroplane,,
632,u78R_F_GBUU,motorbike,bicycle,person
633,O9wG5jGP32M,,,
634,kT7QqQ8DTNI,person,train,
635,TxIFhCuq59Y,person,,
636,IKhvMqAN3ak,aeroplane,train,
637,6fBqGUaJ0tc,person,,
638,kDV6q4pSMn8,bicycle,bus,motorbike
639,_6divRapsPU,,,
640,c2g_2q5WyDs,bicycle,,
641,MO7IZBahhZE,car,,
642,jPhJbKBuNnA,bicycle,,
643,TGrRZuHs3LA,person,,
644,gy6t3J0IBkM,car,truck,
645,CLzUtMiq1N4,,,
646,GPmtG9TPNpg,truck,bicycle,
647,ju45riNZfog,,,
648,Jp-Ud-gcmsw,car,,
649,DGd917ByNmA,bicycle,,
650,qYZphgX0YBs,,,
651,sRhw-0H92N4,bicycle,train,
652,22tvGw05LfY,car,aeroplane,
653,ubZlTCB2Ow8,aeroplane,truck,parking meter
654,fbuAJqV4d8I,,,
655,EZnPbrCp0bo,train,boat,
656,z5WrgDzNIZ0,bicycle,,
657,s4NByTUIBbY,person,train,aeroplane
658,WwegHIytnaw,stop sign,person,horse
659,CRThXlGoWqM,motorbike,boat,
660,_d_0hA3uQr8,bicycle,motorbike,
661,8pGy-8s0QoU,aeroplane,parking meter,truck
662,PYcXcz92_WI,,,
663,YD1dNpelSpg,car,,
664,p7uyIG868YU,car,truck,train
665,O8rfLiLHZek,aeroplane,truck,boat
666,VQojqjCKyU8,motorbike,,
667,A10gB46C8bE,,,
668,I2QwlKXu_Yo,motorbike,train,
669,eqStJPp-EfM,motorbike,,
670,qnD1S-NhA8Q,bicycle,,
671,ZWkXhB06sEE,motorbike,bicycle,
672,8w1BHjOv7VM,aeroplane,,
673,LMxFb-Eglp0,car,aeroplane,train
674,BTY2h9HZRTs,person,,
675,LMdo2bxg-r8,bicycle,fire hydrant,parking meter
676,-MHmEhxSums,,,
677,Cg_TkQkfJEA,car,,
678,3qaQvd6n154,person,,
679,oGSBfE3VUns,bicycle,,
680,bqszoG7edts,truck,motorbike,person
681,mP2FmbhU_-k,,,
682,dcuNq3Bw9Xs,motorbike,traffic light,stop sign
683,8i_wZQoqbwU,bicycle,,
684,5a3GB-ZUygE,,,
685,bLSxgNSWaNs,traffic light,boat,motorbike
686,Vg2uDG60T9k,bus,,
687,R9UsmrVEWYY,traffic light,fire hydrant,train
688,1oqDtVbCCkM,motorbike,bus,person
689,nXno_ktOU_k,bicycle,motorbike,aeroplane
690,HPtMjCQqLkM,person,,
691,9Ji5U2sTlLU,bicycle,,
692,pw-7v6VYhQc,person,,
693,bX_IbBVZir0,bicycle,aeroplane,
694,HHorIrYZHsA,boat,motorbike,bus
695,NZlClr_ivb4,person,car,
696,gAs9HZC9c7Y,car,train,dog
697,lW_-zpKU-cU,,,
698,pVyJ7D3dnys,bicycle,,
699,MOt5GWrSU84,car,train,
700,_HHV7x4gkYU,truck,car,traffic light
701,MwLW6c_dYLU,bicycle,,
702,WCQ4TEP2eO4,car,person,bus
703,yPnGZBpvjN0,car,,
704,st8-EY71K84,,,
705,yz7Cn3pHibo,motorbike,,
706,Kf0fuuSQcHc,bicycle,,
707,Kt4jKSTHNUE,,,
708,e8cOZ2BOtM8,,,
709,GH8AotRnVWU,bicycle,person,
710,-UZ2EGcgAMY,,,
711,ZDnV9wzhz7w,bus,boat,
712,vRcU4ZN_LjA,car,,
713,iIeKyoYMs2M,,,
714,WhaTru5czpA,,,
715,x-I4OanmWQg,,,
716,VGdHVQCGdqo,,,
717,eI_FqHi5ilw,car,,
718,V-KrRdBH7b4,,,
719,RhEmkJBga7E,bus,person,truck
720,pf9WOuzeWhw,fire hydrant,parking meter,car
721,-Hm8PSnSGyE,person,,
722,uc5H7a2OFcQ,truck,aeroplane,traffic light
723,gMrC-W1Yt1s,motorbike,,
724,Y2uu5W2wpdc,car,aeroplane,
725,FX9EyJa1zHE,person,car,
726,fCDAbdIdiu8,person,car,bicycle
727,zH9PD6UXwBU,car,,
728,gCIzDxOrcP8,aeroplane,traffic light,truck
729,qHhKADeXHYE,person,,
730,4EGFkF6loPM,boat,traffic light,parking meter
731,L-DL6FTysO8,,,
732,1zUvUDCkPE8,motorbike,fire hydrant,tie
733,k0rGzpP5LlI,bicycle,,
734,JLtq1yN6E8o,,,
735,IfRfe9bIj_s,person,,
736,4kWgdtkG1IE,motorbike,,
737,fzO3iuOayQs,,,
738,94QrI_k-gSs,,,
739,yMSrNfj-Hto,aeroplane,bus,
740,NTWwCVfOck4,person,,
741,lVSllM1CrMM,bicycle,,
742,jXus52Ed5uo,bicycle,,
743,5RkzOAlLBg4,bicycle,,
744,ZRFaNF4HMyI,person,traffic light,
745,e8ARfx_g_EY,motorbike,train,bus
746,3AZsh6PfX0s,bicycle,boat,train
747,l_9F8UgWa7Y,aeroplane,boat,
748,hkuw8WTKc-A,car,,
749,8owDRkgu3HI,,,
750,lyLQGxKwQIc,bicycle,motorbike,
751,wwtJJ24r1Bg,bus,car,
752,92ray5xfx_4,fire hydrant,stop sign,train
753,kLqSOiiULm0,person,car,stop sign
754,xzqONdpWcrU,,,
755,_w1lB_gK1jI,,,
756,iJ_AOIbj8AA,car,,
757,D-4J_H4coGw,bicycle,train,
758,nAzx6YVQhRY,,,
759,YTHZLKFblKo,person,,
760,wRRYExZbr_E,traffic light,person,bus
761,UNQmZqTDhw4,baseball glove,car,bottle
762,Sl4V0e2Odqw,train,car,dog
763,D-j-X1ZehAM,,,
764,sYPDKW1RMuQ,,,
765,kvXb85XnCOU,,,
766,LQDADunP_yw,,,
767,H1701MWurt4,,,
768,N4eG4_IV3_A,car,aeroplane,
769,HkLEM6hvQlo,person,,
770,RCvnytndd9c,car,person,
771,K9dskjuANAk,,,
772,Op4q27SLUnY,,,
773,cUkoqppoFr8,bicycle,,
774,GhDke_HwurA,aeroplane,bird,traffic light
775,Hw1JJ-jptpE,boat,car,bicycle
776,OQQO4G2DtTY,person,,
777,VlucyUxDALA,person,,
778,0zOSQxGqLCY,person,bicycle,
779,uEU2Zjuiyok,person,bus,fire hydrant
780,DsVtXG7jQA4,,,
781,KeVP1EH46-Q,person,,
782,3YHwmxqgHRA,person,,
783,4X7-w4HPVYY,bicycle,bus,
784,iEPxe5c282E,aeroplane,,
785,Lfkl3fLY5TM,motorbike,stop sign,bus
786,t0lCe1qQJtk,bicycle,,
787,zArlddWbL7s,bicycle,,
788,RbwuB-PGYmA,train,car,
789,cNBrLoxjljg,bicycle,,
790,2rV7ZczsDGY,car,motorbike,
791,A2FsgKoGD04,bicycle,motorbike,aeroplane
792,NGK4rAfO574,bicycle,person,
793,LwdpRmqMsIc,motorbike,train,stop sign
794,homdcHkr4p0,,,
795,KtbfUWfb3jw,motorbike,,
796,W93XyXHI8Nw,,,
797,IuD3mR8MV2E,bicycle,,
798,8YkGrKQXZxE,car,aeroplane,
799,lyN-NXFsJXA,bird,cow,aeroplane
800,fmaZdEq-Xzs,,,
801,zLQiGxYRyio,,,
802,sMDonnsUn-0,,,
803,7OPg-ksxZ4Y,,,
804,jzj07UegWe4,,,
805,YhrqDB0-r7k,bicycle,bus,
806,XIOoqJyx8E4,bicycle,motorbike,
807,6ee9dyDGTAI,,,
808,fKUCK7spm08,car,,
809,L3YFZkpkXBI,bus,car,
810,zYl6x1weX-0,motorbike,train,bicycle
811,gX9m-rCtSqc,car,,
812,5rdXveKRRiw,,,
813,B6Lh-TB2_mA,,,
814,t8SVSAHvrww,bicycle,,
815,Jf-8EfnI6Y8,,,
816,wgY9iO-fji8,person,,
817,8BBS2hhOYe4,bicycle,car,
818,inB5eWwbtV8,,,
819,o268qbb_0BM,aeroplane,truck,
820,JZ4bpEKRCm8,,,
821,a6iWTtHq3tg,bus,motorbike,
822,4sGFUZWth5E,,,
823,LPjrZ0BH-dI,bicycle,,
824,Pag5De25d0c,train,bicycle,aeroplane
825,eTTiqJwwjTc,,,
826,_LyHG1R0p28,bicycle,,
827,kEcCuwl0E0k,car,,
828,6o7_WQotMrg,,,
829,6UtM-MRfXuo,train,bus,person
830,2ssijwETM0s,bicycle,,
831,IKLWCoVvtVY,,,
832,Db0GK6n6q-4,bicycle,aeroplane,person
833,uRMvN53QGdg,,,
834,4HG_cX3iA58,bicycle,,
835,bGsVCQFvX1w,,,
836,oZ4YSXv6Xkg,car,truck,boat
837,u6TNfHMkglY,person,,
838,tr9BBu20sbM,person,,
839,iFVBWr2po64,bicycle,aeroplane,
840,WcvB2SUV-oM,bicycle,,
841,EkZ57ZCW63w,person,truck,
842,887vGxZFHV4,aeroplane,car,
843,gbEpI1J02Zg,bicycle,train,
844,1deOdx_UTAk,motorbike,,
845,38-1A26-WPQ,,,
846,FOvXEp-22f0,bicycle,,
847,55d9tcKmMn0,car,bus,fire hydrant
848,_MezwfSITTw,person,,
849,tdQ9N8uDJwA,bicycle,aeroplane,
850,B_6vNQ-Mj3U,person,bicycle,
851,QeteCEjyYD0,person,,
852,BRWb2hZ0cpg,motorbike,bus,person
853,KYFZFQeuXBE,car,,
854,b_hoHmXg9Io,car,bus,person
855,oWarOTnOIeI,,,
856,LbUIdAqwD7s,,,
857,blITgj1DF1I,,,
858,DA5W8v82Ac8,,,
859,iBGVcnsK9eo,person,train,boat
860,4V5ZzhVFm44,aeroplane,,
861,23e4PhF9e30,,,
862,MqaEFDkqRWs,bicycle,,
863,GrsEAvRerTg,fire hydrant,bus,car
864,9JmIFf-gpLk,person,,
865,Kf6jPlzt0-g,,,
866,pxEC068itlk,motorbike,aeroplane,bicycle
867,axGNiut8Yf0,,,
868,F6I7eHVXh2A,,,
869,xWHQ-n0jvCE,train,motorbike,
870,3jS_yEK8qVI,car,,
871,uC9qU3X1JgM,car,,
872,xDXa6OLzStg,,,
873,tNRECmEfv4I,person,,
874,yxgJclR4dUU,bicycle,,
875,LZ8lkhgnCzw,,,
876,Hm14UrNBLtY,truck,motorbike,fire hydrant
877,vkKh4aLzuYg,person,motorbike,
878,gfx58lj44lc,bicycle,,
879,U2w6so52FiY,motorbike,cow,person
880,fVHTfeXoLE4,train,bicycle,
881,-k8fJcyBlC8,aeroplane,boat,bird
882,ie8ixj7hzY8,,,
883,jkWDJmXXzu8,person,bus,train
884,El0wIQOBPEw,,,
885,W9IuG1GTAV0,bicycle,,
886,3_G803JXmiw,bicycle,,
887,R7u1qlHO-cQ,aeroplane,bicycle,fire hydrant
888,d9utkS389bE,motorbike,person,
889,XgZcEO3JKHk,,,
890,LNCM6mkvJ3U,person,,
891,BnAOL7z0GY8,car,,
892,lS41XvrBFvU,bicycle,,
893,yijJmElBurY,,,
894,1OIu1p8h2GA,bicycle,aeroplane,
895,7l8mUsAZxFY,person,,
896,fWKZdeuViPc,,,
897,XJoXnsAN2XI,,,
898,FTl0Fl9PX0g,,,
899,bK_kRwcNf6A,,,
900,IoZri9hq7z4,aeroplane,traffic light,car
901,jRR5Tu597r8,,,
902,0LtmlJaNsbQ,bus,bicycle,
903,Rlp1cebFxEM,bicycle,person,car
904,b6fIzFW6M1w,sports ball,cup,spoon
905,Q3sF0lV4nww,boat,bird,sheep
906,RlQkBqB4-TY,motorbike,train,
907,HTymquNwR5U,car,motorbike,aeroplane
908,FXoG3D6C5-I,aeroplane,bird,person
909,ZW27ubHprMo,stop sign,traffic light,car
910,CE5ly1pTpDk,,,
911,7RP5bau-Vz0,car,bicycle,person
912,_VvXXtT3HoU,,,
913,lDToOe8pVzY,truck,bus,motorbike
914,hs_jApGNQPA,person,,
915,AuJtBoOY1dk,boat,car,stop sign
916,YAoHg1MpJfg,,,
917,tBxTXxPj9YU,train,fire hydrant,person
918,vDCC_VNvlks,car,motorbike,parking meter
919,6KeG_i8CWE8,car,,
920,nmRrWLFW7PM,,,
921,uV4MKmd9dQs,aeroplane,car,
922,k-GPDanh1Y8,bicycle,,
923,_k-z1Itg36Y,bicycle,motorbike,
924,pwFV78PYeco,person,,
925,whnAZdGlhFU,car,person,
926,oZnW-E70wq8,,,
927,4LG6ofNpAyQ,motorbike,bicycle,
928,RIWOahSK-Aw,,,
929,wZu4zLxrpDA,train,car,aeroplane
930,SE6aBETGHrQ,,,
931,arzhTBqTd7I,person,,
932,bRnQpw2KP6E,bird,train,traffic light
933,ScNqdGtAeLY,,,
934,NPdBhQwDFJc,person,,
935,hJhrSJc16bA,bicycle,,
936,wQO6FZgDbek,aeroplane,bicycle,
937,4tvc0wOdN0I,person,bicycle,
938,DOWDNBu9DkU,car,,
939,hIxAIq62EHc,car,bicycle,
940,326aoFqJ2Vg,bicycle,person,
941,ZbKPrL5R0lU,,,
942,-qiA7Sue_5g,person,,
943,Xi74gPrn24Y,,,
944,Pj-h6MEgE7I,,,
945,qf2PBzH3_x0,car,bus,boat
946,0CTp1a-aCUM,bus,traffic light,car
947,rJmQKK50vpg,aeroplane,truck,
948,Dg8oVR4k5Dk,,,
949,Y_QvaKhYio4,car,,
950,034-BTvvHSQ,aeroplane,person,train
951,eMTZvA8iFgI,person,,
952,6J6tKmCwT-Q,car,,
953,s3q3Kw76vBY,car,,
954,iXrMiU0W5q8,,,
955,hh9xT9d6SJU,bicycle,,
956,XqPpp9hqGT4,motorbike,,
957,wtqIPqHeF0s,person,,
958,qUUloBe5vEo,bicycle,,
959,XoHKZWhoD3k,,,
960,hMUrj3haZPU,bicycle,person,
961,FeZ5ruaMSeA,,,
962,_-bt415WaW4,bicycle,,
963,ioAQj2Y4qu4,motorbike,,
964,y2ZcJVOuzT4,aeroplane,bicycle,fire hydrant
965,a3e8ln3u0vY,car,bus,
966,b8IEbW7OatU,,,
967,EwoVzz_nFJI,car,aeroplane,truck
968,KLvLJckIxmA,bench,sheep,stop sign
969,hZPLgaiIJiU,car,train,
970,HaEejO0PmdQ,,,
971,FwPt-ti1oF8,person,car,
972,mf5yxkMseDQ,,,
973,jBGYh_IoWJk,person,car,
974,uUahIdW-eag,train,aeroplane,
975,ckyWlU45Cww,motorbike,,
976,nCI9cUjB8f0,,,
977,QsmgZYdZcIE,motorbike,,
978,1PdShGJ6hqM,aeroplane,,
979,5bsBjXZx6SI,bicycle,boat,truck
980,rVcn_mlGqgw,,,
981,BMS_w3FlHrk,fire hydrant,traffic light,stop sign
982,0J7cmh3MLp4,,,
983,28UjqNf0w8g,bicycle,,
984,mmBl8Iz8OkE,person,,
985,eacLgrqRdyk,,,
986,Ds8S6ZkE1W0,,,
987,_e0UM937P48,bicycle,,
988,UF7OLFMYJ5w,person,,
989,ROTDvz1LUSU,motorbike,,
990,QyJSZ3njpD0,bicycle,,
991,0eCExAI__tM,,,
992,GGXgnukZRMM,motorbike,bird,traffic light
993,ZvC1zWJ8e7E,aeroplane,person,boat
994,gjr-RWPGqi0,motorbike,person,
995,7KoXYcd7_WE,train,aeroplane,person
996,NuHEY7CjjTI,bicycle,aeroplane,truck
997,tTmBxNtImiQ,,,
998,-fEGC5gTQ18,car,aeroplane,train
999,dlYDWFhtlL8,aeroplane,bicycle,motorbike
1000,1_3DOEw_Xno,,,
1001,usIdSbd1jPw,,,
1002,5s6iBACk-E4,person,car,
1003,PfmiFUm_Jmc,bicycle,bus,
1004,ZQ0GUp_nl7g,bus,car,train
1005,uzwjK1OwNDo,car,truck,
1006,2Xz-xKIHm9w,car,,
1007,oYt-8F7wHxs,bicycle,aeroplane,truck
1008,tVWWp1PqDus,car,traffic light,wine glass
1009,YOegcO1fgYQ,car,,
1010,AJ_rPFC6RYo,bus,person,
1011,Vgd5McwxUWI,person,,
1012,FtEhAYfnjqA,person,,
1013,7vDTpKTF8qM,traffic light,bird,train
1014,VyzkQRheKYw,cat,bus,bicycle
1015,WjDa3BJO3V4,motorbike,,
1016,mvRk4Ddluo4,,,
1017,FxwkEdrpFmg,aeroplane,bus,traffic light
1018,A-cAOGo-DGs,person,bus,aeroplane
1019,BNA4iN9tSGE,car,,
1020,VRJYyVGTb3k,bicycle,,
1021,kqVGiwQyD2Y,train,motorbike,stop sign
1022,7OjwlBC4K5U,car,,
1023,mYx3gyS-pAg,,,
1024,bvhON5imaBA,bus,car,
1025,SVLe7KMu0u8,motorbike,truck,
1026,kMvKGSPvm8I,motorbike,bus,
1027,OIOjopbXQis,bicycle,fire hydrant,boat
1028,eSqP_sGyArQ,,,
1029,uTQFi3A_q24,bus,person,boat
1030,wzSsZyxx5Sk,person,,
1031,bFIVYRfyb3E,person,,
1032,MFxSx1uDev8,bus,,
1033,1WEJKNSHD4s,boat,cat,truck
1034,Zi3IitzXj54,car,,
1035,RxaqgPVa_cA,car,aeroplane,
1036,GgIxIZhEAs0,bench,motorbike,parking meter
1037,dVO-7rchstw,car,,
1038,FIGP0KFwRbQ,car,aeroplane,
1039,cGPfAyye_4Q,motorbike,bus,stop sign
1040,x8a7SpVFylw,motorbike,bird,person
1041,tkb0GYjqaxs,bicycle,,
1042,fmReTym1kpA,,,
1043,9kpq1YqLzB8,bicycle,aeroplane,
1044,nNo9Ow6XG10,,,
1045,9oVVJRAaznc,person,,
1046,l1fxYI8RwEo,train,stop sign,bird
1047,K4TBfVtvTU8,car,,
1048,eWjz8_KMll4,aeroplane,person,
1049,oavSiNIUJO0,,,
1050,RKi7U2jiIaI,bicycle,aeroplane,
1051,Of48WU2C9Jc,,,
1052,7MbeW9g6x6Q,,,
1053,NK9Sn74j6eU,bus,truck,
1054,SiKOkYEeUvk,traffic light,bicycle,boat
1055,eDcQDnh6Nfk,,,
1056,qC5h9zcHmPA,,,
1057,mi8sPCqQXQA,motorbike,person,
1058,sABdtEaKMYE,bicycle,,
1059,fXGWD9tAA8E,aeroplane,,
1060,U_22-rZY0hk,person,bicycle,
1061,Vp-6BPJTc5U,bicycle,,
1062,zJpRwSaF98s,car,,
1063,Jetf3TFuq2g,truck,traffic light,boat
1064,iGV1paJ3bSs,car,,
1065,tzGDx2vH6Ow,,,
1066,IFGvAOkhPCw,car,aeroplane,
1067,o3V_V9-_vUU,person,,
1068,vNL5DxE1r7U,,,
1069,a23p_jfGHT0,bicycle,,
1070,sOHeaW6bXQw,,,
1071,73lz8mDKI_E,fire hydrant,boat,person
1072,kCOnGjvYKI0,car,,
1073,9EyOW9oCP8I,bicycle,,
1074,DIU48QL5Cyk,aeroplane,train,
1075,KCHT6a53OqY,,,
1076,TEb0PNg80Yg,person,car,
1077,I3Yhyt0Ch80,car,,
1078,Lz_QtsJ49Ao,car,,
1079,qJ0_X2stDqU,car,train,
1080,eFWy0IAeG7U,train,motorbike,traffic light
1081,C6P6hrWyidA,,,
1082,uHiG8lMIF10,bicycle,,
1083,EBF3A3djMTQ,,,
1084,rMwdiky5Zcw,motorbike,fire hydrant,parking meter
1085,i9Eiij6Wb94,person,,
1086,KWterDbJKjY,train,boat,
1087,JImdCMZSqr8,person,,
1088,sXIoH-brr4g,fire hydrant,bird,bus
1089,Ik1jaSzRajI,,,
1090,Eo_VcY-E14Y,car,,
1091,PyM5i_fYDuw,,,
1092,p0RxnTfzZi4,motorbike,truck,
1093,rdfC6XwXTW0,parking meter,truck,
1094,HC-McWxmJ_0,,,
1095,Us2Z-WC9rao,,,
1096,njyKGJTGuP4,motorbike,bicycle,
1097,XWxQMEqY-ZI,boat,bench,fire hydrant
1098,TyzEIUoh3xA,car,bus,
1099,r5yZyyetGIA,,,
1100,i6V-RBjecpI,bicycle,bus,
1101,DsfoEaryfuI,car,bicycle,
1102,yxT7xyEFDdo,bicycle,,
1103,pc5K3GqDFKs,traffic light,fire hydrant,bicycle
1104,fCeiUX59_FM,,,
1105,qDZS1KO1SgA,,,
1106,UWZRtyy6naU,bus,traffic light,bicycle
1107,JDVLWPnKJj8,person,aeroplane,
1108,lheapd7bgLA,person,,
1109,2UFXOXA4Avk,motorbike,train,truck
1110,AdXfKrEK0H0,car,aeroplane,boat
1111,WUZVGqFAqK8,bicycle,truck,
1112,H_U29oAqsiw,bicycle,,
1113,r8fCwUiOtiQ,person,,
1114,Xyz25fScWQA,person,,
1115,CI9VutOQlbU,truck,bicycle,
1116,2NFDajQyliU,person,,
1117,YR9iekY-3PQ,,,
1118,ODDbguecHV8,train,car,person
1119,0iYwzMpLJhk,,,
1120,nCrTsWtPVIY,train,,
1121,dOXo0dIqViU,bicycle,,
1122,-7oGbigR8Ig,person,,
1123,7PC_AVfj14M,person,,
1124,GsLopdvhFpk,motorbike,aeroplane,
1125,qwvtGxNVnAY,car,bus,aeroplane
1126,-C3CjOkF-jY,aeroplane,car,truck
1127,wzr7tE3PDC4,motorbike,boat,
1128,r_gyeTJDfPg,,,
1129,YGG3936Bt2c,stop sign,motorbike,traffic light
1130,skPWK9DnIXU,person,bus,aeroplane
1131,Qyfyd_t9mzs,,,
1132,bA4yaw8ed6Y,,,
1133,2X_GgUhvAbE,,,
1134,fO02M5znDhg,person,,
1135,l4w6808wJcU,,,
1136,huepR6bTT2Y,,,
1137,dXpqFESAx8s,,,
1138,CgeMh1Q_i0M,person,,
1139,Gqx0Fh_SQlM,,,
1140,_4mKDQX3HmI,train,car,parking meter
1141,j8WCMYa0sUU,bus,bicycle,
1142,TZG9d6iIl-Q,car,,
1143,qxkhoyXOPhc,bicycle,motorbike,
1144,gd2lBMjV9to,bicycle,,
1145,xcrthU-aToA,bicycle,car,
1146,MIwez3qbk3E,bus,person,
1147,PKE30UgQIjU,aeroplane,truck,
1148,lkjGxe5qPtI,motorbike,traffic light,boat
1149,uxRY25TV_Po,,,
1150,vs2Q9Nv4mHc,car,aeroplane,truck
1151,eKi8sQdInuQ,,,
1152,7eX4vjbnlOs,motorbike,bus,
1153,SWZcAZK71yA,bus,car,truck
1154,VNWcXFE0C_I,motorbike,car,bus
1155,q0O8V8pyLkY,person,car,
1156,Q8yxaR7ylww,,,
1157,xZejqhIh0_I,car,truck,
1158,jKc93K4PL2c,motorbike,aeroplane,
1159,QlF4rhAbwyc,,,
1160,TVBIph2ObC0,bus,parking meter,bench
1161,1UY7ywrPKWk,bus,bicycle,
1162,Do8Wc3M5mkE,,,
1163,7xrRiHXyI9Y,boat,motorbike,stop sign
1164,SzlRojcqNWA,,,
1165,bBWeDIXQlOs,,,
1166,OLl3sz1_Yuw,person,,
1167,EmcbJp_gjbY,,,
1168,64Gy-LJRnNA,aeroplane,person,
1169,wCyfshQvaCY,,,
1170,m9U29J2_1tw,aeroplane,bench,bicycle
1171,H3eJkuLgJOo,bus,motorbike,truck
1172,sQTEAsS1EpM,,,
1173,ZBEZwmrMCzE,fire hydrant,motorbike,person
1174,c5KSoy1VYCo,motorbike,bus,
1175,SgZ1f4ACZBQ,,,
1176,BZ222BWlJIs,car,aeroplane,
1177,Wf0uxjWGwPk,,,
1178,3XCaWUl2mtg,motorbike,car,truck
1179,dmXVzEdu9CI,,,
1180,buKcergt4dA,train,aeroplane,stop sign
1181,vcOOKXmEhAM,bus,car,
1182,ppie-XsHGdg,car,boat,person
1183,0nsgnqskJHY,aeroplane,car,
1184,9u1J9fIys_g,,,
1185,MBo4GViDxzc,bus,train,
1186,Da_CDPRG2j0,fire hydrant,train,bicycle
1187,A84MgzOtOLA,car,person,
1188,wsPPAjUcU08,car,,
1189,FfWtIaDtfYk,,,
1190,x_t53a5Ons0,,,
1191,zrki4E04KO4,,,
1192,elj_EQx_EqA,,,
1193,7k6vpI-2yao,aeroplane,bicycle,
1194,7zi0bi-RDj4,aeroplane,truck,boat
1195,pEaLY5voBAE,car,,
1196,QOrXWKe1dRo,,,
1197,jG2945xmuhc,person,,
1198,clTC2BKCysw,person,,
1199,KAsCEUtpxy4,,,
1200,96K9MBvGDeA,person,,
1201,McXJj7sjcZ0,person,,
1202,WM8bTdBs-cw,,,
1203,W_yRE78iE7k,bicycle,,
1204,IDFePbrq3i0,motorbike,person,
1205,PsxO5czWEuI,,,
1206,yR7Jq40FWfc,motorbike,truck,aeroplane
1207,kGXWc7M9tPQ,bicycle,,
1208,oh-FZ4QCJy0,car,,
1209,0y4z90SYsQI,,,
1210,3U467XfT6cY,person,,
1211,xuZGBeF3_P0,bicycle,,
1212,Sfw9n2ktX9k,person,,
1213,9YbXM4scgXs,bus,traffic light,
1214,8voeMV0IlLo,,,
1215,CVLLNjSLJTQ,,,
1216,ByKKs6W9OBA,person,,
1217,-4F9IM2Ne9c,motorbike,bicycle,aeroplane
1218,yeM37D2Z0kA,person,,
1219,s2Sh1uZjfNk,,,
1220,b6_5fjY54oQ,car,,
1221,mQPtGnCDW6s,person,,
1222,vLY-tNe0Bnc,,,
1223,4PDvXYtrB60,bus,fire hydrant,parking meter
1224,kD6rWFQkpm8,,,
1225,r3atRG5wvtg,bicycle,,
1226,3MtHTKpH9IM,,,
1227,SJ8eP1WSKm4,,,
1228,KRQ0IiEJ_8Q,truck,bicycle,stop sign
1229,i5EP3L7pTvo,car,person,train
1230,zDzz8Tv0pN8,bicycle,,
1231,CUuzGBi2loI,,,
1232,rJNqj_QNkWM,car,person,
1233,SdrZGmhpTQk,car,aeroplane,
1234,aT2jiVuTN8s,bus,boat,parking meter
1235,C4TCB66WZqY,traffic light,fire hydrant,car
1236,u9CziCknGic,fire hydrant,car,
1237,QiYvXKQksgI,,,
1238,Ubf3ogr4NXo,,,
1239,qKBzsabTWLU,person,,
1240,vIz0idz3SDM,,,
1241,4wgn4jaI9PE,,,
1242,oYX3XgmCJYQ,truck,bicycle,aeroplane
1243,qzNuoASv_IM,bicycle,,
1244,McqetOEJXEE,car,,
1245,j1ngKprtfH8,,,
1246,RrDm33ldERw,train,bicycle,
1247,QHLT9CSNanQ,truck,car,fire hydrant
1248,H7crWAUyJhM,motorbike,bird,fire hydrant
1249,9CZvw5PWI7k,,,
1250,O5BchVT72i0,,,
1251,rsr2kB_gcDI,bicycle,,
1252,VK1mer73AVI,bicycle,,
1253,iG-rJF2rq5U,train,car,traffic light
1254,Dw0ViHDVhFk,person,,
1255,-hlMQ84H9SA,bicycle,person,
1256,gpXcB4Q6fmE,,,
1257,kaKdi9Vq9a0,person,,
1258,qyJblTwAEp8,bicycle,,
1259,WaNhcOML4nA,car,bicycle,
1260,iWeu2dxHRDg,aeroplane,boat,
1261,KG8z0536mg4,,,
1262,1fzBv9fxYhQ,,,
1263,ZX3dJ_QVD0I,bicycle,,
1264,Hz_DslzN2IA,,,
1265,gndIvSPO7ok,person,,
1266,PpCfnNy4qTg,,,
1267,sBA0o_EIDag,,,
1268,Vck5O1IXSWw,car,,
1269,1HIhb7A0xX4,car,,
1270,MbjShq7RelI,,,
1271,Sa6pMYTbdyE,motorbike,car,
1272,8scU_zOwEjE,,,
1273,cT7wOSOZVoc,,,
1274,R0krUthYxF4,person,,
1275,EqWymIjphH8,person,,
1276,Bk-lBN9RChE,,,
1277,rDTv7wbofzc,train,car,
1278,7bxjQT_DzRE,,,
1279,R3JNhCa8iy4,bicycle,,
1280,_ajQow29I7U,person,,
1281,Slhz5ZM2x94,car,,
1282,ARoP4GNgKVg,,,
1283,LHoUPslp58A,aeroplane,,
1284,FAsL-Jy4qLc,,,
1285,mYHCJwhHDxg,motorbike,bus,person
1286,8xeELR8acfU,motorbike,person,
1287,J9ViuHkPKJM,aeroplane,,
1288,vNXwcg03Bsg,train,bicycle,truck
1289,dMG30Mt0tPU,person,boat,fire hydrant
1290,VKIEQ7hvTGg,bicycle,,
1291,mt_OHeOQyMw,,,
1292,I4Ty6SccAeI,bicycle,bus,
1293,VOHBEaM40y0,bicycle,,
1294,wJCgCteM6bI,car,person,aeroplane
1295,IWjOrvvisbw,,,
1296,ENPAlmpcN_E,,,
1297,9OmfWCvwM9g,,,
1298,ATzjRuSQ0lo,,,
1299,25UV6LrQZTc,bus,bicycle,boat
1300,hG_HD4WmAdc,,,
1301,CQ2z2Qg_o0w,bicycle,motorbike,
1302,m4YZcEc1qgI,,,
1303,RVca0LuEDaQ,,,
1304,44ltPwfoAaM,traffic light,boat,truck
1305,UqzKzugvtR0,,,
1306,Q5tR5lMqc8w,person,car,
1307,XqbgTBa2mD4,motorbike,bicycle,
1308,K_215se8ybs,traffic light,bus,bird
1309,_8W2LIfl5RE,,,
1310,RUL9LpaoUrU,bicycle,car,train
1311,UjpwpRCYAL0,,,
1312,EICp1vGlh_U,aeroplane,truck,
1313,mAAbqIbTsG8,motorbike,,
1314,tcSmm3rJikY,bicycle,,
1315,Z3LG8s-lRFk,motorbike,,
1316,9zyDGrCxwwg,,,
1317,lNtOxZFiMAU,bicycle,,
1318,dDmPjvCu-ds,bicycle,,
1319,PdWDVduZo6A,,,
1320,5dOz92TuFmI,car,aeroplane,traffic light
1321,uGyLPOrXst4,,,
1322,nDLfbHPEAGo,,,
1323,YLt73w6criQ,bicycle,,
1324,TMx_RBy-vfg,bus,bicycle,parking meter
1325,pmj08sB1hjU,,,
1326,M0zEjvvTsoc,bicycle,motorbike,car
1327,gPM8MxcAmkU,motorbike,train,
1328,CkjT_jNYI4w,bus,boat,
1329,_SGHHFVUDZE,motorbike,bus,
1330,VA3sdD48f18,person,,
1331,onn-CT7feW8,,,
1332,0hg0BY19pLs,bicycle,aeroplane,
1333,WAqB-R1cJKg,,,
1334,OUrd53q3iFc,,,
1335,Qsbe1pD8ocE,,,
1336,5lKHIIkxHc4,,,
1337,Fk-zUsf5osc,,,
1338,vBoQC6Q959A,bicycle,person,
1339,IYjSmlWG-4A,stop sign,bus,motorbike
1340,YsBonpV7t7Y,motorbike,bus,truck
1341,BjDHdf1Vd0E,car,truck,bus
1342,4g4sBHNWwo0,car,traffic light,fire hydrant
1343,UmjsUPRXQu4,aeroplane,car,
1344,IoZ6Ou_c80k,,,
1345,Ns60IHroDG8,person,,
1346,W1nFLOvyDRU,,,
1347,xbUoOT4gXZg,train,car,fire hydrant
1348,U_13JXoGSdU,,,
1349,j1ivstMmAGk,parking meter,bird,train
1350,0fcwmBQloas,truck,boat,parking meter
1351,8HtggVo4lPI,train,boat,
1352,sZfUQoIVrOs,,,
1353,Sy8nPI85Ih4,car,train,
1354,jNwOrcD-1_w,bicycle,car,
1355,eI9_FCWqV5k,car,aeroplane,boat
1356,xpbSdUo3rh4,truck,aeroplane,
1357,4eN3tg0s5T4,aeroplane,person,
1358,38Mv7NBMm4Q,motorbike,bus,
1359,kHCKcW3S7oo,,,
1360,mCcNv8vTE-I,train,bicycle,aeroplane
1361,NgCCi3OUoXs,bicycle,motorbike,
1362,aTq0QOZM_Ik,,,
1363,s-MoeONH5Ug,,,
1364,B70T7zvfgdo,bicycle,person,
1365,OHL9uYzLEJ0,person,,
1366,fxShCUj9fT4,,,
1367,D4afXb5xH4c,boat,truck,train
1368,UbDDrT_lmmg,,,
1369,55v2Z1eYxe4,,,
1370,ZXB7AbfyP7s,tie,dog,skis
1371,dxsFeJ22KgE,person,,
1372,G38pfhMQCUQ,person,,
1373,gvDWYQhYzhY,person,,
1374,5DUv3u2UzII,person,car,
1375,rMYlHz3CJvk,aeroplane,bicycle,
1376,c8jtECzK3gk,,,
1377,RcTLBsXvzQk,bicycle,,
1378,yLdFCk7IbIU,bicycle,car,
1379,qemExw9iJKg,,,
1380,6RV6lrnRP6o,train,,
1381,zrmLaMBJsdg,,,
1382,OFPABjR6FQs,motorbike,bus,
1383,OvLUOk1wtNU,stop sign,traffic light,truck
1384,UHMk3jG39C0,,,
1385,2mEG02nsq1w,bicycle,,
1386,jz5dcKIUjp4,bicycle,aeroplane,
1387,wOUu7AvqnXU,aeroplane,,
1388,lgiAl84FflQ,car,,
1389,kBkU4Vb4Bro,aeroplane,,
1390,kQn8RAzqJpY,bicycle,truck,boat
1391,cqYefPrvEhI,,,
1392,OpIRhkTOPAI,motorbike,truck,
1393,VO-sjbYwO0s,,,
1394,3u7EIiohs6U,bicycle,,
1395,Fu9No_kxe1M,aeroplane,truck,
1396,wjHiHpyZPgU,person,,
1397,saV0oopuCTM,person,bicycle,motorbike
1398,rJ0p3c9eiCc,motorbike,truck,sheep
1399,JSpaCMsjNuk,parking meter,person,train
1400,kZ3VyLVAlWM,,,
1401,Os1-McGRXPo,stop sign,fire hydrant,bicycle
1402,ADG50S2Sjzg,train,,
1403,CE5GgN-Oz9s,car,,
1404,Xq_othe17T8,train,bus,traffic light
1405,ynW2yuyy0tg,car,motorbike,
1406,5mnbYTb49_8,,,
1407,ted2pAnAnQc,car,,
1408,jjOW6kLEckg,,,
1409,uUqSCOYdRbo,motorbike,person,
1410,tAT2d_eQO3Y,bicycle,,
1411,EWxyed3T_V8,,,
1412,W5_RPT0WPYw,motorbike,,
1413,N2kjPi7CG-U,parking meter,traffic light,bicycle
1414,t-_VPRCtiUg,,,
1415,UqvpIenUmL0,fire hydrant,stop sign,motorbike
1416,d5B3EDh-G0s,bicycle,,
1417,3vQ55ToQeWI,person,,
1418,Q0MKbsJ36-o,person,,
1419,-HfGoHTKLbo,stop sign,bus,fire hydrant
1420,TjSUt-Ea4ys,bicycle,person,
1421,bYuP4CCyW3s,,,
1422,xRwy_rKc7gI,car,bicycle,
1423,crhL1eOjf4U,car,,
1424,FaOSCASqLsE,motorbike,,
1425,c8rzM_3wepE,bicycle,,
1426,_g-s0AwxaNo,,,
1427,_IN42lQCFNg,motorbike,,
1428,SaHUVHlq534,motorbike,parking meter,bench
1429,_hRDjLyw6GA,aeroplane,person,
1430,iwtSHXJUOFg,bus,train,person
1431,HGByZo4vgDo,bus,aeroplane,train
1432,5fJfBJN-cnQ,,,
1433,VArpDm95J4M,,,
1434,Y27Req0EzVs,,,
1435,bu5-VERN3XY,,,
1436,5LrYXUhD0i0,train,stop sign,car
1437,fa_7lf2PneU,,,
1438,ab-E_gzEoZs,traffic light,bus,cow
1439,Ims5p6wjW9s,traffic light,train,person
1440,Y87IwzHXHec,,,
1441,I9hJ_Rux9y0,,,
1442,PGKT7SbZcHU,,,
1443,4gaHphhEQOs,car,bicycle,
1444,VClT3DAAcq0,,,
1445,KdkOKsrWfL4,car,motorbike,
1446,tTJeePNgOF8,motorbike,,
1447,mM81bB1DEw4,car,,
1448,L_hlvNda2E8,truck,traffic light,car
1449,cIlhp6tdYvk,,,
1450,bNkM-z3cPW8,car,train,stop sign
1451,nrZgt3QKIKg,person,,
1452,ZTpRsEp-_04,,,
1453,KxBCwG-IF6g,truck,aeroplane,stop sign
1454,JDGu6O7ReZI,bicycle,,
1455,0ZbQpOEkues,,,
1456,YjZyLIpT8rQ,motorbike,traffic light,bicycle
1457,z2mRP7hxTdk,motorbike,boat,stop sign
1458,bT7unpw0C3c,bicycle,,
1459,8_cNLlWsN4c,bus,car,aeroplane
1460,sJUKzBlDY6s,car,,
1461,sMwF_4wKlsk,aeroplane,bicycle,
1462,xdFGSkh5X24,,,
1463,bnsOTRMVmcg,bicycle,,
1464,_wZq3DkjqR0,person,,
1465,s93P3hktEG8,person,,
1466,x2hw_ghPcQs,truck,traffic light,
1467,lDkGLFGbTsE,motorbike,,
1468,kJ7jN5iNAWs,,,
1469,OuJd3cLBWHA,person,,
1470,1YTeasbvJ2E,,,
1471,wpIiNrDnEHk,bicycle,,
1472,59rADhtMzWc,aeroplane,truck,
1473,moIuur9GUws,traffic light,aeroplane,
1474,bIryzkTYOKY,motorbike,,
1475,r6TVO1Uq1RE,,,
1476,dDmGnEW_fjc,,,
1477,93yJTL-260w,person,,
1478,6-T-Rsoq5a0,person,,
1479,W5ivmpG_J4c,person,car,
1480,gxy0TvMpJFM,train,boat,person
1481,6_im_hGxGRk,bicycle,,
1482,Qu6G-mvv_5Q,person,,
1483,8yS-Twk0Okk,,,
1484,GUJefYr2p8A,bicycle,,
1485,TKp7BG6q7dc,,,
1486,BTJBqSDiN8M,car,,
1487,LnXnSl8wyqI,person,,
1488,x5ptVUpSPLs,boat,aeroplane,car
1489,Me6RQZV8VD4,aeroplane,bus,
1490,S_MAesZsnMk,car,,
1491,WIoZrwX4qQc,aeroplane,person,traffic light
1492,Vb2egHi39ho,bicycle,car,
1493,Juyodtul_7s,bicycle,,
1494,EBn1giArnS0,bus,,
1495,Mn5ZzRZ9yto,bicycle,,
1496,HPDCI4dm78U,bicycle,aeroplane,car
1497,wwkH0prchjQ,,,
1498,88RAHxrQ33M,,,
1499,vbWzGC4DJmM,aeroplane,person,motorbike
1500,qAtyzHZc7l8,bicycle,,
1501,AARbu6B1f6M,bicycle,motorbike,
1502,kWuI7NVGNMk,aeroplane,boat,
1503,9lCNCiqSNYs,person,,
1504,ZGNj5lOtNnI,train,motorbike,bus
1505,VDtFyTerbjY,person,,
1506,75kn3kBqo8o,bicycle,,
1507,dAm2rlRhpc4,person,train,boat
1508,wKENGGCzrLE,train,cat,person
1509,Bd78wBDHALI,traffic light,fire hydrant,motorbike
1510,2EGuVKx_MXA,car,stop sign,
1511,vm9hkyrd23M,,,
1512,wPZ5_axqjj0,,,
1513,_aqJB9t4VeE,bicycle,motorbike,
1514,Dxea-sQdPoQ,truck,,
1515,mXQuto1fMp4,car,bus,
1516,zlQGiPhBfiw,person,,
1517,zP1fojwJZIc,motorbike,car,person
1518,23g5HBOg3Ic,car,truck,bus
1519,DM-c43vIm9g,bicycle,car,
1520,cKZTjW72jZY,motorbike,person,
1521,4iPpXakylUQ,bicycle,,
1522,jzsDwqVEFRQ,bicycle,,
1523,38LAnu25pqs,motorbike,car,
1524,gBkLoLfrEIM,person,motorbike,
1525,2WOp9p8xirA,motorbike,,
1526,BqKqtJXWhqw,dog,parking meter,truck
1527,2elO1GEpVy0,,,
1528,crsGvSSvo9o,car,,
1529,styN6QavqVU,person,,
1530,6I2R_uM3bhI,bus,bicycle,
1531,eb6ja96y6Ps,,,
1532,OJVpsT2_1PU,,,
1533,LxBLIAYmbes,,,
1534,qIlWas5Bj3U,motorbike,,
1535,L_pi_qfmOQw,motorbike,,
1536,KgW0zY-O5zs,bicycle,,
1537,9eiDKJKcP_I,car,train,truck
1538,VFJHb6s2hG8,car,aeroplane,boat
1539,kaW71ZyUX80,motorbike,stop sign,traffic light
1540,bdE6U4SB-is,aeroplane,bicycle,traffic light
1541,BiasH3_cEHQ,,,
1542,vPib9KwCBGs,boat,aeroplane,traffic light
1543,Ots2-8Dxfl8,parking meter,person,bench
1544,Gb4yTHNCVdM,bus,train,bicycle
1545,mTHcRufPfRw,truck,fire hydrant,bicycle
1546,1nOq-PIyNsA,aeroplane,truck,train
1547,Qgqk96TJZyI,car,,
1548,bHPMhoS7xrk,,,
1549,J_8KmRw8610,,,
1550,3HL-6yxmy-0,bus,motorbike,truck
1551,5I5ikA7lsuU,bus,truck,
1552,ghf02ONihAw,bus,car,
1553,6p8zAbFKpW0,train,truck,
1554,gHzuabZUd6c,person,,
1555,qRPpxc2Vp7s,bicycle,,
1556,6umxqVvVK8Y,motorbike,car,bicycle
1557,ojbziRt9Iso,motorbike,,
1558,VKuurDOxvVA,car,person,
1559,V1pS_9z7VQA,car,,
1560,TGD8zKvRxc4,aeroplane,,
1561,UZgRR9RFtHI,,,
1562,ozvL2cuXJNg,bicycle,,
1563,-NVoikSV-cQ,,,
1564,I6v8771dC8s,person,bicycle,
1565,i3h37e4e3bQ,aeroplane,bicycle,
1566,JDe_LqL8wOY,,,
1567,UJsGEZLYpKE,car,traffic light,
1568,ZnYyAl2RP6g,bicycle,,
1569,RSxPUDTeoKs,motorbike,,
1570,8Fn_30AD7Pk,,,
1571,bVI5Dy-fG4s,motorbike,traffic light,aeroplane
1572,ZiQXAbixvOg,truck,person,aeroplane
1573,FXcLiqIKdmw,,,
1574,VYN7LR2gwso,,,
1575,HP7DIvd6eKY,person,,
1576,-sWJ9tRzm68,,,
1577,7rj99Hl18Vo,aeroplane,bicycle,
1578,h_58pbU9udQ,car,person,
1579,6sKZ0O4SM4s,car,aeroplane,person
1580,Fpn1imb9qZg,,,
1581,awLQ_A33H9Y,person,,
1582,ibEnGKlzUPw,aeroplane,bus,truck
1583,nIkk1-qXgds,,,
1584,mOpzY5Gm1ys,motorbike,person,
1585,iYzFC6dugQk,person,,
1586,wtE9Mkodi48,person,,
1587,9VrqwMDy1gE,,,
1588,o7aWatibgqM,,,
1589,fFCzRv1yLlQ,bicycle,,
1590,uSuajHpF9Eo,,,
1591,dxImso_s35g,person,,
1592,Vzx411Jc8Qw,car,,
1593,tBd-T6o1_4s,,,
1594,M1TgX_8M97k,,,
1595,eTMItoVkFZY,motorbike,,
1596,i-sW4PfSxwA,bicycle,bus,aeroplane
1597,xwUkRvwJ79E,,,
1598,cajFMKgOUZc,person,,
1599,zMM6bM7moqA,car,train,fire hydrant
1600,PBZbb_Nnrys,,,
1601,81CrB92Ixn8,,,
1602,UKqkb4cEy-E,,,
1603,k6PTy9CYG-w,motorbike,train,
1604,9Gy3p1SzgLM,,,
1605,sj2vGrmdGPg,,,
1606,E1KkQrFEl2I,,,
1607,dt8ANZIZ8Co,,,
1608,NEE4jUY3Vvs,boat,bicycle,bus
1609,UYBBVOAswXc,bicycle,,
1610,EfgUki1ZtGQ,,,
1611,fXGULB8PdO4,person,,
1612,8KkUl1xsgXA,car,bus,
1613,LCDpSENyXLE,motorbike,train,traffic light
1614,R7lClcxpcuc,motorbike,person,
1615,DNBp87Hrb0c,,,
1616,ckOwoZvo-n8,person,,
1617,Z3JKKu0dFj4,car,,
1618,ft792p4U52E,bus,car,fire hydrant
1619,BJSh1nbMI_Q,,,
1620,lNRB7OCo8Wo,train,motorbike,boat
1621,JukqAlYEBTA,boat,train,stop sign
1622,aacRIObSGZk,,,
1623,DgpyKvlHqFU,car,bus,boat
1624,K_xC3RyjtD8,,,
1625,h18oVxTqZ5o,car,,
1626,Tp_YZNqNBhw,motorbike,,
1627,cp67dk1Uoow,,,
1628,SEtYCJFMiss,motorbike,bear,bicycle
1629,nOxqVQ327K4,car,,
1630,rUuCWzdpPAg,train,motorbike,
1631,k8E6EkKsazA,car,,
1632,O4QIVealcHs,car,,
1633,2vHQVoAlgNs,car,sheep,bench
1634,_DNNIB_PdaA,train,stop sign,person
1635,HOAQjp4lA_M,,,
1636,PB9k9_r4qfE,,,
1637,BHMF-FlkqPw,,,
1638,zfXloVG3e4Y,,,
1639,E7Xxd9XIAHw,bicycle,bus,aeroplane
1640,8GlEuSyQfcc,aeroplane,car,
1641,VaJtYdtCGTI,,,
1642,Cm9yAkPqqig,,,
1643,fv8Ir8jYa44,motorbike,,
1644,Ys3RhgZi1Yg,,,
1645,teI3MEZJn0E,car,,
1646,jlufU7hwi30,person,,
1647,DZ-oH-nCWT4,car,dog,fire hydrant
1648,JkFbSUdRAgU,aeroplane,train,stop sign
1649,lAjNKSLwvxs,,,
1650,RPH2APBoVtI,bicycle,umbrella,car
1651,Sp14hVR4_Ok,bicycle,train,traffic light
1652,b-NxXQlIya0,bicycle,person,car
1653,Ht9v8YLy-O4,,,
1654,_VDGysJGNoI,car,bicycle,aeroplane
1655,GCyvXrn72pE,,,
1656,khjsrFdOn04,,,
1657,CnsY5Yv78jg,person,stop sign,bird
1658,UBTqCqQl2fY,car,,
1659,zIQY3NBS7yc,person,,
1660,MwY1JontUI0,,,
1661,p_wnE-y43Kc,,,
1662,uV2y_co7WgY,bicycle,,
1663,hJjEFf4T89Q,fire hydrant,elephant,boat
1664,pDEG3ebH-ok,,,
1665,mfVHNjaAmvM,bus,person,
1666,dnnh8unDP4Y,person,,
1667,tHf8YSAt3_c,,,
1668,7rQXT1-PYq4,,,
1669,WOJ5rCT_D6Q,,,
1670,rYZSercMKJA,bus,bicycle,person
1671,To6Ua35N9Bk,person,,
1672,Ey_vGhau7ho,car,bicycle,
1673,OXJAXlw2LcI,car,,
1674,HHEh3EbfKiM,person,,
1675,fBnTCZDCemQ,,,
1676,27-tJxIepmo,bicycle,car,
1677,fFObGT_67BM,aeroplane,fire hydrant,boat
1678,WJUheLXsbVA,person,,
1679,R4DZBZJsoEY,car,,
1680,J_9Z_vUb1i0,truck,person,
1681,AQ99iVo_QC4,,,
1682,LGe4lG-P5O0,aeroplane,car,motorbike
1683,v2kdiD3Y-j4,person,car,
1684,iYJr9pZxSPM,,,
1685,uhCJKAFF3bM,person,truck,car
1686,rdyw3hwJ538,motorbike,bicycle,
1687,7QOBq3XX8yk,bus,,
1688,NYb7FU2uE60,car,person,
1689,SuTNJhV4-rg,,,
1690,lfOMF4ouAz8,person,bicycle,
1691,-wpHszfnJns,motorbike,,
1692,4ZX9T0kWb4Y,motorbike,,
1693,lZ9ayBDyIcA,person,,
1694,7df1I8HkWaQ,car,,
1695,i40d_IkL3YI,train,bicycle,
1696,WMF9my8agPs,motorbike,,
1697,67dgau_N0ug,bus,bicycle,traffic light
1698,OL_eIZjiLUk,person,,
1699,F2TrMmev9wM,car,train,
1700,QuecVkhdVYU,boat,traffic light,train
1701,pG6iaOMV46I,parking meter,train,car
1702,MIpI-JBxKxI,car,truck,
1703,zT2tJu0IzJ8,motorbike,bicycle,
1704,ThVSnObMn50,bicycle,,
1705,gc5AnnHCohM,fire hydrant,train,truck
1706,WQneO40JPho,aeroplane,truck,
1707,jiFVRFKs-v8,car,person,
1708,Vx2x-QBZ_X4,bicycle,aeroplane,
1709,iDE7MlKRtJc,person,,
1710,otD4t7tnZts,car,,
1711,kdgKS-SUILs,,,
1712,ixxd-y9OQyg,,,
1713,oBfhaNmF-tQ,person,,
1714,6fGISwOQGck,,,
1715,Dwio3-7IA24,bicycle,,
1716,fGrxKLsgidg,,,
1717,cIY95KCnnNk,,,
1718,7gD1f-wifzo,,,
1719,apol2p5zKdY,car,bench,train
1720,cP1YcIWLPbA,bicycle,,
1721,TUwZtLyX_VE,motorbike,car,person
1722,XoQfrROslbA,person,,
1723,_Pd5weoBjcE,,,
1724,gQd7j6K7Ne4,,,
1725,ExSrjPHjmkk,car,person,
1726,lIrHts62ACQ,bicycle,,
1727,pz8tHqfsuqY,person,,
1728,I99Qgb4mE5I,person,bicycle,
1729,vam4X98WOno,car,truck,
1730,Pg9XSSeQIOc,truck,bench,dog
1731,w9szTeD494M,car,,
1732,71DujPOe43I,aeroplane,person,
1733,ZX-qynHTHiM,motorbike,train,
1734,2DuSW0SZzAo,aeroplane,,
1735,NRbo9D3Dq54,bus,bicycle,person
1736,FsGOYQ2GqrU,aeroplane,,
1737,Biagyb7AcK8,aeroplane,,
1738,5cZLczozYlQ,boat,car,aeroplane
1739,VSLNyW91e5M,,,
1740,dOrXLg3dJns,,,
1741,qBcIiaeeIX8,bicycle,aeroplane,
1742,Y3tZrwFM4mI,,,
1743,cQsN5KLPFIU,dog,giraffe,stop sign
1744,yKItFB_HPhE,motorbike,,
1745,Rg5Us4iz714,truck,,
1746,4QvR8jJaeHk,bench,cow,aeroplane
1747,_j-ZqCTinWw,person,bicycle,
1748,jpgylvcSdcw,,,
1749,CwtZlljXX9M,aeroplane,motorbike,train
1750,IIE1g8kqIpk,person,bus,
1751,OzEkZRyecng,,,
1752,2E5fAuDqTtM,,,
1753,LS0mytFBoNE,truck,aeroplane,
1754,nI-PXLnS5eo,bicycle,car,
1755,Vayu0zhVfWQ,bus,train,person
1756,Ml7ycoLumAs,,,
1757,Ye5CzehEXUc,person,,
1758,iQ190Bf-6J0,person,,
1759,c8WqLaLfTqA,,,
1760,dBxOYE2j55U,person,,
1761,bN8w32EfDss,car,bicycle,
1762,WjUPpsCZ0hE,bicycle,,
1763,_svJMFc0XZY,traffic light,train,bird
1764,Ocr33LwCsMM,car,,
1765,Ljkc_7S_NNE,dog,cat,giraffe
1766,IxD7aoy4dpw,bus,bicycle,parking meter
1767,GyU3uNUi1rQ,train,traffic light,cat
1768,ECm-EJDOd90,person,bus,
1769,SksJZoWiWXg,,,
1770,ircObGRWl9A,,,
1771,PtC9eaFxqlk,,,
1772,h6ng66xBRM4,stop sign,sheep,bench
1773,Q0X3XcErGXs,bicycle,train,truck
1774,npcpoBjrZ9s,,,
1775,eb-GC0N6TJo,person,,
1776,_BTtNgrKDlo,,,
1777,WLK7S0F9aVA,,,
1778,hQfgA-yKzPU,person,train,motorbike
1779,Nu9Cnxk-Qio,car,train,
1780,HqO5jmkARaE,person,motorbike,
1781,xP1fdjXv_3w,person,,
1782,3EDSsoIplr4,,,
1783,FX-ttYCFqOw,,,
1784,zvFD5KBAb0Q,person,,
1785,l-jQMLpQXyI,motorbike,person,boat
1786,7Uvc97PfriQ,,,
1787,Yp34xmulTSo,bicycle,,
1788,OEO8tRcpqLY,bicycle,boat,
1789,-2-731gy2rc,car,,
1790,wZ4cadzCZUI,,,
1791,pLlOkqBoZK4,car,truck,
1792,HcvEVr5W1eE,motorbike,person,stop sign
1793,Ot-GbhaeaDw,,,
1794,jaBWs65wnw4,,,
1795,BUz_0DM7F48,,,
1796,vTqVmHEXNxI,,,
1797,TvGhM62aJmI,,,
1798,hxKPwJaqkIU,aeroplane,car,fire hydrant
1799,qlRRa98pVIY,person,,
1800,QpOvNXbTu60,,,
1801,gvDKIAZLs-w,bicycle,,
1802,P_DJJRkGOJE,,,
1803,OO5xqkelhuQ,motorbike,bus,
1804,ITgiFp_l01A,bus,,
1805,x56GBcEwkGs,aeroplane,truck,motorbike
1806,_s1uaiInAdo,,,
1807,98BnO6RAZhs,person,car,
1808,squ76dgiY2w,bus,train,
1809,cI5V5a51JtI,car,,
1810,5kVeEf7CtCE,,,
1811,VIDd2yMSSnY,car,motorbike,train
1812,RbLtnEtutfQ,train,motorbike,
1813,2OOrlhtdONE,bicycle,car,
1814,pSUydWEqKwE,bus,boat,person
1815,SlEoS4Zw9uA,,,
1816,6emdnQyDlLg,car,train,stop sign
1817,TfKJof2Y70s,person,,
1818,mBewRJ9CASE,bus,bicycle,
1819,xS5e2o6REb4,bus,boat,parking meter
1820,9G5W_Pl7Ydk,,,
1821,h6ft1_tBe6c,stop sign,train,dog
1822,tag33nDWJY0,bicycle,,
1823,SO22CK2pwfU,bicycle,,
1824,W2S7k_fnsXQ,bicycle,truck,sheep
1825,xq75YNrX3kA,bicycle,,
1826,hebWYacbdvc,bicycle,,
1827,HirI1H0lCwk,bicycle,traffic light,
1828,1Sh0yZNhpEk,bicycle,fire hydrant,
1829,a6aEJ7D82Xc,,,
1830,g_GQXKbzvTw,truck,car,bus
1831,CuIZ4zGHylk,car,bus,
1832,xEctjZVwnnU,bicycle,aeroplane,
1833,YijRxOVD-P8,person,truck,boat
1834,3DGztcamZWA,motorbike,person,car
1835,UChQHrjefVU,car,,
1836,zM340uHnOrU,,,
1837,H7LRgmgvDlE,bicycle,,
1838,cMnTyivbxCA,car,traffic light,aeroplane
1839,bS-gsJNCOtM,bicycle,person,
1840,w7z6Tf1ANtU,car,truck,traffic light
1841,plj1Zwa1UuU,car,,
1842,WMrj90EplYY,,,
1843,CFlhlZbeKgE,train,person,
1844,YJUJFwafEFI,car,,
1845,cVp3gxvtn1M,bicycle,,
1846,S_6CRVsTfns,person,,
1847,CC2RtQgA06Y,car,aeroplane,
1848,qCb6JY9bjaE,bicycle,aeroplane,
1849,3C0btIJjrW8,person,,
1850,vIfC4Aj05Ps,car,,
1851,YdsD_fxm9Hw,,,
1852,CwgBLQw6uDQ,,,
1853,xGEmhnw7vp0,,,
1854,SLqeMrbIDsA,bicycle,,
1855,s-10pKDaoJU,person,,
1856,N79ubmYjlCk,bus,bicycle,stop sign
1857,wuje1XVW2Uw,aeroplane,person,
1858,_aWGPZSN7Wc,boat,aeroplane,bird
1859,m59NLOjChUI,parking meter,stop sign,frisbee
1860,hxwpkM5w3Cc,car,cat,stop sign
1861,KMLz0eIihcY,person,,
1862,nl1QCtAvoAY,aeroplane,bicycle,
1863,OPm3GKmUkNU,bicycle,,
1864,7r91yyChtfs,parking meter,umbrella,bicycle
1865,wK7XjHbt4Z0,,,
1866,PV1MlxtpIJs,parking meter,truck,bench
1867,Xm-yXsm23_c,,,
1868,pYGQ7iJsvUs,motorbike,train,
1869,yxIrlsh1S1o,person,,
1870,zZKcVYvDGek,bicycle,,
1871,-h3M5pZOUYU,,,
1872,i7Sr5sxaBOA,person,,
1873,JpvtVGM7Vkg,bicycle,,
1874,lelNrWwlVP8,train,bus,
1875,7ezRFn1MbrE,car,truck,person
1876,pBdKnPcNyl8,,,
1877,LW5wBL7D3UE,,,
1878,IX34gq-ZaWw,,,
1879,j1my2gM0TUI,car,bicycle,traffic light
1880,5kwF6KPc-TU,aeroplane,car,parking meter
1881,CehGIXiamlQ,bus,car,
1882,HIzgRmWTxIg,bicycle,,
1883,Tv2rpf957aI,person,,
1884,EaEjIoQnFXo,person,motorbike,
1885,9KCMvJy2nyY,motorbike,car,
1886,eW6vu5xhf8E,,,
1887,7kE2bYX0wjE,car,person,
1888,uCjbBAtMyn8,,,
1889,UrkPC81_QfU,aeroplane,,
1890,yB7ACD-CoDY,train,aeroplane,
1891,iogcY_4xGjo,motorbike,truck,bicycle
1892,oLZfbz8MEGw,,,
1893,8Sb5R_wWrcU,person,,
1894,kYlTg3HEBcg,person,,
1895,FWzYAvVFEgs,,,
1896,z7n3SKwRaPA,person,,
1897,fAmGDbLIkDM,car,bus,boat
1898,AAzY28C8Syc,motorbike,bicycle,train
1899,vXda0L6w9W0,,,
1900,sPWR-m_98Rw,person,,
1901,-CIXaoRyseU,bicycle,aeroplane,
1902,10HvcTGNuO4,bicycle,truck,car
1903,I5DJ-05ZUKo,bicycle,,
1904,QQOCidVdHJ0,,,
1905,Ml5tIyh-arE,motorbike,person,train
1906,5wN3dh6lLEQ,bicycle,truck,aeroplane
1907,imwTZUrf1Qw,person,,
1908,hX_qyf38X9c,,,
1909,qFLCyvoCQas,person,,
1910,leJNDpm_G10,person,,
1911,m-dW0MnkLiU,bicycle,,
1912,xbiDrzTd8fE,aeroplane,truck,
1913,NFjn0X2BL2Q,motorbike,person,
1914,uFkmSqx4CzY,,,
1915,_x9_oomdrF4,person,,
1916,tx1IOt-eOfA,car,,
1917,AE3_wzbDmt0,boat,aeroplane,person
1918,CRnrSlL-Oug,,,
1919,GkJcT-IbPjo,motorbike,car,truck
1920,7qNOtgrIjO4,car,,
1921,BKVdb0UQVL8,,,
1922,ainQMC--qgM,motorbike,person,
1923,mO0OuR26IZM,person,,
1924,f29OUOs85SM,aeroplane,,
1925,cztHy050cNA,,,
1926,9UBMEww7XLU,bicycle,motorbike,
1927,z_lgjFAxP6c,car,bus,truck
1928,LF_EF8Rj9gs,car,person,train
1929,Ks_pHtscOUc,bicycle,,
1930,rEy_UMCwqBc,,,
1931,YSoJPA8-oHc,bicycle,,
1932,pRq2OofBB5E,person,motorbike,
1933,tQBxIzn5azA,car,train,truck
1934,f0c7pSCoZqE,bicycle,,
1935,Yvqz-BYBnp4,car,train,
1936,SUM8Smtf7ak,bicycle,truck,
1937,HpTnKNW6MpU,,,
1938,pPw_izFr5PA,bicycle,motorbike,bus
1939,xTNDGVrkJw0,car,,
1940,2nbKBMJIAY0,person,,
1941,cnupopQ9v64,stop sign,sheep,cat
1942,NpoMo82RNDY,car,,
1943,Q0EltguB1vc,,,
1944,LWZolIvzAPk,train,,
1945,5_JrAu_HmVg,person,car,
1946,wYSo_Kc2zaY,,,
1947,tsGhTb8UGhQ,motorbike,bus,
1948,ayFJjg2BFfs,bicycle,bus,
1949,RUo_H7GrsdI,,,
1950,PJbv-8vF-LI,car,,
1951,1CmdHvj6D4Y,bicycle,car,aeroplane
1952,rCQoFsOGgZQ,,,
1953,-iCIZQX9i1A,person,aeroplane,
1954,uG3oJzWSPBU,bicycle,traffic light,
1955,jFvaWrckDg4,bicycle,train,
1956,nvQuaQ1TRuc,car,aeroplane,
1957,wv4OEvIYq-E,,,
1958,kX3nB4PpJko,zebra,horse,umbrella
1959,2eknwRAXpu0,truck,bicycle,bench
1960,elKQM4YpJ_Q,bicycle,,
1961,UZKnH1SQamE,car,bus,
1962,M-K7mxdN62M,,,
1963,vxw3x1zVvEE,person,,
1964,GG1KBwO1yUc,,,
1965,J80nZAEUcDU,person,,
1966,7YZT2U4qW6w,,,
1967,QaNa2bVG860,motorbike,,
1968,IR9yjn7Lkdg,car,person,
1969,H-d7RPkMINY,motorbike,,
1970,OnH78wdQPSQ,car,,
1971,Kn56bMZ9OE8,car,,
1972,_YSUEdHsMmo,motorbike,bicycle,truck
1973,XMGxxRRtmHc,bus,parking meter,traffic light
1974,hy5vsaq6whs,person,,
1975,5jqrgLx9NR4,bicycle,,
1976,HlBlhQazxx4,,,
1977,dZ20KsgVeu0,,,
1978,LEYGcsONOx4,train,person,
1979,d58xuVprczQ,car,person,motorbike
1980,bV3s-mWHovk,car,bicycle,
1981,PRa6jE-4Qcc,car,bird,bus
1982,VWwHtT155Hw,,,
1983,5z3DbmOuaFI,aeroplane,,
1984,ioGBBIEqiNM,car,bus,
1985,qlhncNzE85A,,,
1986,VRX25twAZzg,car,motorbike,
1987,Fikxb1tsOQ4,bicycle,,
1988,AohpoRSZKxE,car,,
1989,-MmcQKE12Hg,person,,
1990,c88RLrHQ3j8,aeroplane,,
1991,YUxJbjAnU4Q,person,car,bicycle
1992,UhbixyxgsiU,person,,
1993,aJHBA1mBqBo,car,,
1994,nZxrGkeCKH4,car,bus,motorbike
1995,Dz0Q4KrKyFw,bicycle,,
1996,k8z5rx8KrL0,,,
1997,vmxcEAT2hkI,train,traffic light,
1998,kDRWVRNAZKw,,,
1999,WegO3bsvXro,bicycle,,
2000,NucpeL5FKNA,bicycle,,
2001,L_PV-BwY-ZA,,,
2002,cozNfHBE6tQ,aeroplane,bus,train
2003,u6co6y17rzU,,,
2004,uKcUgn_xYtE,bicycle,traffic light,parking meter
2005,YPqWIU8hkxk,aeroplane,parking meter,bench
2006,2nzJyhDMrHI,car,,
2007,gfIZ7MAz-3s,,,
2008,mNTyN1xBLE4,bicycle,aeroplane,car
2009,UPs_UiIUGu8,bicycle,,
2010,RWue97yTSrU,car,traffic light,bicycle
2011,pO3G9FZER3Y,,,
2012,QxZkuDfhFMc,,,
2013,mWkYrr3W3sY,,,
2014,xIFw0sZlLpQ,,,
2015,xnmpvO-gt6w,person,,
2016,pok_9RfvalI,car,,
2017,oGu9-aTcP9A,bus,bicycle,car
2018,5pzgfGgI4X8,bicycle,truck,boat
2019,126bLUkHuNI,,,
2020,tmUaSl-Kgrc,motorbike,,
2021,uwHPvCJDy_k,bus,truck,car
2022,xMsaW0KCI3I,person,bus,
2023,YSJlU2q58Bc,bicycle,,
2024,2gPUdfL4IWs,bus,person,
2025,SINKoD9zPgg,person,,
2026,GrNHtVZxsaM,bicycle,boat,bus
2027,vYw38mwFmC8,bus,car,
2028,xu_2Wj8doDQ,person,,
2029,uYRckB_g10I,,,
2030,SWAXUbqda_E,person,,
2031,jXJRzhnbMho,motorbike,,
2032,ZI9TUyOXNyA,aeroplane,bicycle,
2033,BP2IuKspjd8,train,cow,bird
2034,wB3B2U6JSPc,bicycle,,
2035,ci20R6IxqBw,,,
2036,32WuN-N_Sx8,bicycle,bus,boat
2037,2GS1t0q23jQ,,,
2038,XBNUd9F3f_Q,car,train,parking meter
2039,598YV7DbwJU,motorbike,,
2040,DoGeabe3baE,bicycle,fire hydrant,train
2041,-ZVbDR3sRRo,bicycle,,
2042,E0QYFFQ1mhk,truck,aeroplane,car
2043,h1cx_Wg9M_8,aeroplane,bus,car
2044,MFeOtjTkxT4,,,
2045,7ZIIWUfzm2A,motorbike,train,
2046,fjOlqwzDE5k,stop sign,parking meter,bird
2047,wqdlCR4fJpM,,,
2048,2Uw-bKQCkts,,,
2049,gC1XpCAuTDQ,aeroplane,bicycle,truck
2050,o08t04SJeqU,bicycle,boat,traffic light
2051,oQwfU7DvUyE,,,
2052,tQN9hdPNVS4,person,car,
2053,31ey9tEPyTQ,person,,
2054,7wVwztfmNVI,aeroplane,person,
2055,C2f37Vb2NAE,person,motorbike,
2056,Ky7f0xTlRSc,car,train,
2057,_T_0FYHn0I0,person,,
2058,QkhAwabc1Mw,aeroplane,bicycle,car
2059,d0co1ralQB8,stop sign,bench,bicycle
2060,NN1fm-_rU_0,train,car,
2061,H0iWBs8cXGY,traffic light,bicycle,car
2062,ep4DJCLT3bw,bicycle,,
2063,cPYTNdcCQjs,,,
2064,85SLWPnIW8k,,,
2065,1Zw_RKGjcM8,car,,
2066,tHu5_hxOldc,motorbike,person,
2067,gVudIIhyjt8,parking meter,aeroplane,fire hydrant
2068,uFSmq6HJitA,car,aeroplane,truck
2069,gk2dD3nSh7A,person,,
2070,fNkCe0swztI,aeroplane,bicycle,
2071,xw289leaI7k,person,,
2072,ymLG2jCqpd0,,,
2073,ALimx-H8C6s,person,,
2074,AaYzlMSRquk,person,,
2075,7CZqBdVJtMQ,,,
2076,ooZLYNQOqk4,truck,car,bus
2077,AaIwy6yGjSk,bicycle,,
2078,P4fDBAvvrt4,bicycle,aeroplane,
2079,8ftu-iitjxw,sports ball,dog,skis
2080,RMkJo-EduH4,truck,car,bus
2081,MVkBd-WMzZw,bicycle,,
2082,K8sBtXZVxzY,bicycle,person,
2083,x3oW7JpC1eI,,,
2084,wMI6dwYdD54,aeroplane,bicycle,
2085,EFup-YhJNMk,,,
2086,QIReBgK4Fl0,bicycle,motorbike,
2087,jpNtnPzc7fU,bicycle,,
2088,UPQFY3vug7M,bus,,
2089,9oM-s0jfe24,bicycle,,
2090,LaURAgBgdU0,,,
2091,cAHGU0JraiQ,person,,
2092,ZzyPZKO46ow,boat,suitcase,aeroplane
2093,V2ATMasBer0,person,,
2094,qlosNRurbt0,bicycle,motorbike,car
2095,5zdK5HqjcUY,person,boat,
2096,nMs2FC4ImIY,car,train,
2097,byw_P8VyquM,bicycle,,
2098,BowpUasB-Nw,,,
2099,Z3gllhKtrIc,motorbike,car,train
2100,glbe-X_O4Tw,car,bus,
2101,AMj5bIRqiLE,,,
2102,EfHxUaJDEn8,bicycle,,
2103,oNg3M9IJJlY,aeroplane,bicycle,
2104,kJ8JqCtaT_Y,car,bus,
2105,_3Wah0P7uBM,motorbike,,
2106,7UOKvlz2WJc,car,aeroplane,
2107,fREhq7JXZ0U,bus,motorbike,
2108,HSC2SeNKR68,car,,
2109,DdeyBT35rzU,person,car,
2110,WWG5HdxrEg4,motorbike,fire hydrant,aeroplane
2111,jfOUVYQnuhw,,,
2112,0DXQUNPj0mY,person,motorbike,
2113,NZYUbjGwkuo,person,,
2114,iRqypM7jb5Y,car,,
2115,Ve9Swo-Zpek,motorbike,bus,aeroplane
2116,2OlcxUQ4jgM,,,
2117,tdZ-RcLf5JQ,,,
2118,mF-bvg9V15E,person,,
2119,k_GTIL7AECQ,,,
2120,M7LBUl4pIvQ,aeroplane,motorbike,person
2121,-WwJyX0YSZE,bicycle,truck,boat
2122,1h7KV2sjUWY,,,
2123,1H6558hK3Cw,car,person,
2124,6hfWBJ1mv_I,car,aeroplane,
2125,0e3GPea1Tyg,truck,car,train
2126,1koF4H_AkEc,car,,
2127,NzhWlbyNxag,truck,bus,person
2128,1WEAJ-DFkHE,motorbike,bus,truck
2129,7tqypS2cm0g,person,,
2130,wFAR3WggSRk,,,
2131,WYtUxwAe0lI,,,
2132,ocptXFZB720,bicycle,,
2133,h0jR9Ajx5pU,,,
2134,hySgv7XyWaM,,,
2135,xuZNokfpWIs,bus,car,traffic light
2136,j_uHUmmwXvM,car,parking meter,bus
2137,Ms7E_OdcSik,,,
2138,eiTRxke_kvI,,,
2139,F2PdmHBSObg,,,
2140,bKlOIYpj3G8,car,person,aeroplane
2141,rEM2AlQF0YQ,bicycle,,
2142,AkKPIR3smig,aeroplane,bicycle,
2143,qim6FpNBGOQ,person,,
2144,65-STzRJCho,,,
2145,qD6bPNZRRbQ,,,
2146,NDiChOV6xyI,bicycle,,
2147,5DH9IZ01Qqg,,,
2148,_-u1Pjce4Lg,,,
2149,kiyQMRKEMiE,aeroplane,sheep,horse
2150,vzWbCD67YFY,car,,
2151,xm19_rhU1n8,bicycle,bus,aeroplane
2152,zFrGRO_d39I,car,,
2153,_AXYr4yn2V4,car,train,
2154,FRJVuHZrA8k,person,,
2155,dYL-JgDx3Tk,car,motorbike,
2156,_YUc8tXDjxQ,bicycle,,
2157,ZOkgCT3ZN-Y,,,
2158,gBMysgB3M7Y,person,,
2159,41n8ZGZOYW0,,,
2160,Ojf7NrYO2Ps,person,motorbike,
2161,C0JPSKc21rY,,,
2162,FpF8Wa2yQH0,,,
2163,tcs6HLKz_aQ,bus,bicycle,boat
2164,BKIaDRIJUIA,truck,aeroplane,
2165,ldsyyw9oIaQ,bus,bicycle,traffic light
2166,F27FN_L4uyM,bicycle,aeroplane,
2167,pl80_nOEgbw,train,bus,person
2168,eR8UYTl6sjY,train,aeroplane,parking meter
2169,HD_jCjVRleY,aeroplane,,
2170,imcmevWySnA,boat,,
2171,Q_BYtobvwl8,motorbike,bicycle,
2172,iq3PTyw0cxE,bicycle,,
2173,4G0PsIEMl-I,person,bus,motorbike
2174,2PZEt8-U9R8,bicycle,,
2175,RBu88F0YDAY,motorbike,,
2176,2ImfsIPUQsQ,bicycle,,
2177,7jbliO6eDG0,car,motorbike,
2178,RdQcP4lF8tQ,car,traffic light,
2179,zn4UsUz3yw8,bicycle,,
2180,0WO06jXzSuw,bicycle,person,
2181,6GFwqT5bNNA,bicycle,,
2182,do-cLmRhz0E,bicycle,,
2183,cUiK7N_CYJo,aeroplane,truck,
2184,1F9L051usHc,bus,person,bench
2185,bxYhRo-UZNo,,,
2186,STty12a5XLs,bicycle,aeroplane,
2187,7lnz99fkjgs,person,,
2188,bM6ren2tPU8,,,
2189,4ljKpK13BO0,motorbike,bicycle,truck
2190,2xUKzeflvR0,,,
2191,lTGnCH-196I,motorbike,,
2192,kOEdHvhbTFY,motorbike,person,
2193,AY1bA23hGMU,person,truck,bench
2194,w5gHvonef7U,,,
2195,1-m_Jjse-cs,,,
2196,WIS--l99qHk,motorbike,aeroplane,
2197,giqtGYLQ_xM,,,
2198,fMfipiV_17o,bicycle,,
2199,LfXVUEy-sqs,aeroplane,person,bus
2200,2AtlEV2KBmU,,,
2201,f9j8nhMNYO4,bicycle,,
2202,QD570yDn98s,person,,
2203,wiFmUOPn9nA,,,
2204,EN4izhntW1g,motorbike,aeroplane,
2205,Bo8aLJlcnbU,motorbike,,
2206,vlANF-v9lb0,,,
2207,VU2Exd9mHGg,bicycle,,
2208,-f79-37kvmI,bicycle,,
2209,ccHKCVJlKnw,,,
2210,m3A6wJBZ7hE,motorbike,parking meter,train
2211,Kzo6wNPkDSk,,,
2212,aw6NVF4xFYM,person,,
2213,N7cG1uKbPT4,aeroplane,bus,person
2214,Soxw_b1WOx8,,,
2215,qqxFjTKd7mY,motorbike,bus,
2216,Oing2O-u99g,bicycle,,
2217,JOfDr1vAz40,,,
2218,RL_7wrHI0wY,,,
2219,pe1tMR0TUX0,bicycle,car,boat
2220,a546lxxJIhE,bus,traffic light,
2221,ZQDCusHa6yY,,,
2222,GRdsUbOVO3U,,,
2223,si9Phc9ArpU,,,
2224,Jv5RGkYewIw,car,bus,
2225,oCKYZGFt8cM,,,
2226,Lf4nVV-y_sc,bicycle,aeroplane,car
2227,tWIUgiEoRdo,person,,
2228,VngGJyDHe6A,bus,boat,truck
2229,Nyaw0mF5ikc,bicycle,bus,traffic light
2230,t8JCJZM8tCw,car,bus,train
2231,_CwHOA4Bn_Q,,,
2232,uiHjkGNGHkU,person,car,
2233,gcSyDvmPaHg,bicycle,,
2234,U0wTDK0VOeY,,,
2235,hgq_PF1f8nQ,,,
2236,dlOPwVsI-O4,bicycle,aeroplane,
2237,MhWdXrEtKYw,,,
2238,iBKPu-bIs1U,train,,
2239,8ma-l-9zC3M,,,
2240,N4wW85WZMJQ,,,
2241,df8FRfVtVNw,,,
2242,K3Rq1kz5Emc,car,,
2243,Mc_JO7BMwsY,,,
2244,CChZGw-JkA0,,,
2245,aevCw9SD2Hs,aeroplane,,
2246,ORAipwPUdcI,,,
2247,ImuyF-i2tx4,,,
2248,ZQaAMAaMysU,traffic light,train,bicycle
2249,nlzQU2X9EqA,bus,traffic light,
2250,ZDyDpdFZHBo,,,
2251,Qv6soPQdk94,bicycle,,
2252,wtdi07uQOxk,bicycle,,
2253,md2uzOO4gT4,aeroplane,car,
2254,8EOZDHvdSYw,person,,
2255,5rfRCV0HLmM,bicycle,motorbike,
2256,L4X4yvTHaRM,,,
2257,cJyqut3lCec,motorbike,,
2258,zN7NdQ3Hwto,person,,
2259,iwWYOnivBQE,,,
2260,HBMmK1c44sE,person,,
2261,kyS4Bhac0BM,bus,person,boat
2262,1o8GWhoD53I,person,,
2263,R960ugzuzY0,motorbike,car,
2264,yoP5N0deBdk,motorbike,bus,
2265,9gavI7xlYQY,person,,
2266,npEKHPxIdUI,person,traffic light,train
2267,HKYQGnKTpkc,bus,train,person
2268,Rj_vssRaZlQ,bus,person,truck
2269,23TS-JPv89A,motorbike,train,horse
2270,4Ig-P-aBe8U,motorbike,train,
2271,trAKvYIsqIc,person,,
2272,mSHYDnR_dRU,person,,
2273,6Z110ppzP8c,,,
2274,sw4tHKa-5as,motorbike,bicycle,
2275,aeWyp2vXxqA,,,
2276,xPCY_hs48qA,elephant,motorbike,sheep
2277,Z66FFqmze3o,person,,
2278,Wj30W_CKjY8,bus,person,aeroplane
2279,ak7ZOuFsmao,aeroplane,,
2280,Eg4ogeDX368,person,,
2281,yxiBC9UdcPc,,,
2282,gFCpo20_L9E,,,
2283,73xCxHv2sXo,car,,
2284,-0Ux75buSxE,bicycle,,
2285,pQcFCFZIuZI,train,traffic light,
2286,KutkEZH3zmY,aeroplane,parking meter,bus
2287,xU6swKf5yWg,aeroplane,person,car
2288,IvR2Ktfr8JI,aeroplane,bicycle,truck
2289,tyPV-VQ-53c,,,
2290,3MLjfnouo88,motorbike,,
2291,2mYGh268vmA,truck,stop sign,bus
2292,ODq1fkh3gcg,motorbike,,
2293,BDcOPtnCu9g,,,
2294,glwEAMVE7ek,person,,
2295,q4t2saPEYw8,,,
2296,5w6ByzfGHhE,,,
2297,s24WcYGiYyk,motorbike,boat,bicycle
2298,laxYhf-uOs4,bicycle,,
2299,8xzINLykprA,,,
2300,9MiwQO-qhpc,aeroplane,person,train
2301,qnq6ENNNEE8,,,
2302,SJNbnVjecf0,person,bus,motorbike
2303,FsKLYWc1x1A,,,
2304,s7Hno28xkpI,person,,
2305,CtpdMkKvB6U,person,,
2306,wDRdK392pnk,boat,person,
2307,KzK0DIAvXw4,bicycle,,
2308,VK_8nDq1A50,,,
2309,2xPQj5wstmo,person,,
2310,da1D9tyIZng,,,
2311,bUuMPLj2Z_0,bus,stop sign,car
2312,65fN_OUawjk,motorbike,fire hydrant,train
2313,zPlsnWq5X50,car,train,traffic light
2314,wViBPPjEdD8,,,
2315,Z9AnasYjtvg,bicycle,,
2316,WmCfieBK_WY,bicycle,,
2317,SkaewM4YVzQ,,,
2318,T906mp5kYfM,person,bus,car
2319,A7cWtICGgHE,person,,
2320,d-HPZL6AU64,bicycle,,
2321,UfwXf7AisAs,,,
2322,LqmmjHEyiHM,bicycle,train,
2323,Gtxw1HRwTbQ,sheep,elephant,person
